业务板块,业务类型,序号,细分场景,内部处理办法及流程,对客话术,涉及反馈部门/微信群/工单模板,图片示例,,
售前业务,客服热线,1,解悠客服热线,注：正确引导客户咨询业务涉及的客服，请勿把解悠客服可以解决的问题，引导客户咨询其他平台客服。,"您好，我们的客服团队随时为您提供支持。

服务热线：4000-543-986

服务时间：每日 8:00 至 21:30",/,,,
售前业务,客服热线,2,全国ETC高速热线,,您若在高速通行中需要帮助，随时可以拨打全国统一热线 95022，他们会为您提供支持。,/,,,
售前业务,客服热线,3,千方客服热线,,千方24小时服务热线：4006-898-888,/,,,
售前业务,客服热线,4,普惠客服热线,,"普惠客服热线：95787
客服电话热线时间：9：00至18：00；
在线客服咨询时间：8：00至19：00。",/,,,
售前业务,客服热线,5,宝付客服热线,,宝付客服24小时服务热线：021-68811008,/,,,
售前业务,客服热线,6,长治国道自由流客服热线,,长治国道自由流客服热线：0355-3599888,/,,,
售前业务,客服热线,7,狮桥客服电话,,狮桥客服电话：95787,/,,,
售前业务,客服热线,8,满帮客服热线,,满帮客服热线：95006,/,,,
售前业务,咨询类,1,解悠ETC新办要求？,/,"【解悠ETC新办指南】
适用车辆：支持全品牌货车及专项作业车。
年龄要求：办理人需年满21周岁，且不超过63周岁。
所需材料：
1.办理人身份证
2.本人银行卡
3.车辆行驶证
4.45°车头照片",/,,,
售前业务,咨询类,2,解悠ETC享受高速折扣是多少？,/,"【解悠ETC通行费折扣说明】
您好！解悠ETC的折扣政策与各省官方保持同步，您可享受的优惠如下：
全国通用：绝大多数高速公路享受 95折 优惠。
特定省份优惠：在以下省份的指定路段，可享受更低的 85折 优惠：
山东省：全省高速公路。
广东省、浙江省：大部分高速公路。
安徽省、江苏省：部分指定高速公路。
（具体优惠路段以各省官方最新发文为准。）
请您放心，目前各地的优惠通行政策，解悠ETC均可正常享受，不会存在差异。

【细分场景对客话术】
场景1：客户追问安徽具体哪些路段有85折？
话术：您好，目前在安徽省，以下6个路段是明确享受85折优惠的：德上高速安徽段、徐明高速+明巢高速、宁洛高速安徽段、杭瑞高速+黄浮高速安徽段、滁合周高速、天天高速、建议您出行前也可通过官方渠道再次确认，
场景2：客户追问江苏具体哪些路段有85折？
400热线客服话术：您好，江苏省享受85折优惠的路段非常丰富，为了确保您获得最准确、完整的清单，我建议您联系我们的在线客服。他们可以即时为您发送一份详细的文字版路段明细，方便您随时查阅和保存。您看这样可以吗？

在线客服话术：您好，江苏省内享受85折优惠的路段较多，我为您列出，请您留意查阅：
宁宣高速公路宁高段、通启高速公路小海至崇启主线、无锡环太湖高速公路
盐徐高速公路步凤枢纽至九龙口枢纽、连霍渔湾主线站至邳州西段、通锡高速公路锡张段
新扬高速公路宿新段、南京绕越高速公路东北段、宁扬高速公路横梁北互通-蒋王互通
金湖至马坝高速公路、阜宁至建湖高速公路、通洋高速公路(一期)
溧芜高速公路高淳至芜湖段、常溧高速公路、张家港疏港高速公路
泰州至镇江高速公路泰州至高港段、盐洛高速公路大丰港至盐城段、徐明高速公路江苏段
宿州至扬州高速公路江苏段(宿迁.淮安段)、阜兴泰高速公路兴化至泰州段
泰州至镇江高速公路镇江新区至丹阳段、启扬高速公路栟茶互通至启东北枢纽
溧阳至高淳高速公路、溧阳至宁德高速公路江苏段、高淳至宣城高速公路江苏段
射阳至盐城高速公路、连云港至宿迁高速公路沭阳至宿豫段、建兴高速公路、宿泗高速公路
通洋高速公路(二期)、南通绕城高速骑岸枢纽至海门东主线
滨淮高速公路、苏台高速公路七都至桃源段、苏锡常南部通道太湖隧道 (不低于85折优惠)
宁扬长江大桥 (不低于85折优惠)
以上路段供您参考，具体折扣力度以通行时系统结算为准。",/,,,
售前业务,咨询类,3,一个人最多可以办多少台车的ETC？,全网累计不超过50台（所有ETC品牌）,"【关于个人名下ETC办理数量说明】

总规则：根据系统规定，同一身份信息在全国范围内最多可申请办理50台ETC。

重要提示：此限额是您在所有平台（包括解悠及其他任何平台）的累计数量。

示例说明：例如，若您已在其他平台成功办理过10台（无论当前是否注销），那么在解悠平台最多还可办理40台。",/,,,
售前业务,咨询类,4,客户线上自主办理ETC需要收费吗？,"黄牌/黄绿牌押金：238元；蓝牌/渐变绿牌押金：198元。
客服操作：
1.发送产品介绍图片；
2.发送申请设备流程；
3.发送自主激活视频，及激活后押金退回时效。
注：速通转换9901划扣产品客户，按以往流程走线下收押金邮寄设备。","【发送产品介绍】
您好！这是解悠ETC的产品介绍，方便您详细了解。如有需要新办ETC，请随时告知我们。
注：400客服则通过口述产品介绍后再按照以下流程执行（可发送点对点短信）。

【解悠ETC申办指引】
1.核对信息
您提交的办理人信息与车牌号码将与设备直接绑定，设备发出后无法修改，请务必仔细核对。

2.申请设备
方式一（推荐）：点击此链接观看申办视频并直接操作 → https://jieurl.cn/u/04147
方式二（文字步骤）：
① 微信搜索进入 “解悠货车服务”小程序
② 首页点击【申办ETC】→ 确认办理
③ 填写车牌号、收货信息 → 支付押金（设备免费，激活后退回）

3.发货查询
支付成功后，我们将在 3个工作日内 通过顺丰寄出设备（顺丰到付）。
您可在支付成功页面或小程序内查看顺丰单号。

【关于发货和物流查询】
支付成功后，我们会在3个工作日内通过顺丰寄出设备（运费到付）。您可以在支付成功页面或小程序内查看顺丰单号。

【温馨提示】
支付押金后，我们的回访专员会在当日14:00-16:30期间致电，与您确认是否需要工作人员提前帮您激活设备。

如果专员致电时未接通，我们会默认按原流程为您邮寄设备，请您放心。

物流单号可能会稍有延迟，暂时查不到是正常的，一般3个工作日内就会更新，建议您稍后再刷新查看。

【客户自主激活ETC指引】
1.激活操作
点击链接观看激活视频 → https://huoche.jieyoucloud.com/u/57Ed0

2.押金退还
激活成功后，您支付的押金将在 5-7个工作日内 自动原路退回至您的支付账户。
",/,,,
售前业务,咨询类,5,对客新办视频短链（扫码）,若客户反馈链接点击不了，则发送视频给客户。,"【新办ETC激活指南】

视频教程：请您点击以下链接，观看并按照视频流程操作即可轻松激活。

激活链接：https://huoche.jieyoucloud.com/u/57Ed0",/,,,
售前业务,咨询类,6,解悠支持哪些银行卡绑定？,,"【关于解悠绑定银行卡的说明】

您好，为了保障您的资金安全与便捷，解悠目前仅支持绑定储蓄卡（借记卡），暂不支持信用卡。

【目前已支持的银行包括：】
建设银行、农业银行、工商银行、邮政储蓄银行、中国银行、兴业银行、中信银行、平安银行、上海银行、浦发银行、民生银行、广发银行、华夏银行、北京银行、浙商银行、交通银行。",/,,,
售前业务,咨询类,7,客户提问：微信零钱能绑定吗？,/,"【关于解悠ETC支付方式的说明】

日常扣费：解悠ETC采用自动扣款，需绑定一张储蓄银行卡作为扣费账户，暂不支持微信零钱直接扣费。

逾期还款：若账单逾期，您可以进行主动还款。此时，您可以选择使用微信零钱进行支付。",/,,,
售前业务,咨询类,8,解悠ETC发行方是哪边？ETC如何查询车牌占用的具体发行方？,/,"【发行方信息】：解悠ETC的发行方是北京。

【办理信息查询】：目前我们后台未查询到该车牌的办理记录。建议您通过 “ETC通行宝” 微信小程序（路径：登录 → 首页 → 资格查询）进行精准查询，请确保车牌号和颜色输入无误。",/,,,
售前业务,咨询类,9,怎么确认车辆是几轴？,普货看几组轮胎，牵引车看车头几组轮胎。,"【车轴数填写指引】

车轴数需根据《行驶证》上“车辆类型”一栏来判断，具体方法如下：

若为“普通货车”：请查看车辆侧面的轮胎组数，有几组轮胎就是几轴车。

若为“牵引车”：请单独查看车头侧面的轮胎组数，有几组轮胎就是几轴牵引车。",/,"=DISPIMG(""ID_F634F5A7786E4653A8447805A8D6DF7B"",1)",,
售前业务,咨询类,10,怎么判定牵引车是几型货车,"通过客户行驶证副页“外形尺寸”来判断。
1.若外形尺寸小于6000mm，需要填写总质量值。
2.2轴牵引车总质量1.8W，3轴牵引车总质量2.5W。","【牵引车车型判定指南】

您好，牵引车的车型判定需依据《行驶证》副页的“外形尺寸”与“总质量”信息，请遵循以下流程：

第一步：查看“外形尺寸”长度

若长度小于6000mm，且 无“总质量” 信息，则判定为 一型货车。

若长度大于6000mm，且 无“总质量” 信息，则判定为 二型货车。

第二步：特殊情况核对

若车辆长度小于6000mm，则需根据规定填写 “总质量” 值进行辅助判断。

重要提示：根据高速通行规定，牵引车仅对应 二型、三型货车。若初步判断为一型，请务必核对总质量或联系解悠客服确认。",/,"=DISPIMG(""ID_54E82F2F12ED4AFF829CD38A4B72084E"",1)",,
售前业务,咨询类,11,速通1101新办过程中，客户提问：车轮数我应该怎么填写？,"引导客户提供行驶证以判断车辆类型：
①若为牵引车，只填车头车轮数；
②若为普通货车，按照实际车轮数填写。","【初步诊断与询问】

您好，请您提供一下行驶证照片，帮您确认车辆类型。

【根据证件核实结果提供解决方案】

情况一：牵引车

您好，核实您的行驶证显示的是牵引车，牵引车轮数只填车头的车轮数。

情况二：普通货车

您好，核实您的行驶证显示的是普通货车，普通货车按实际车轮数填写。",,,,
售前业务,咨询类,12,货车上高速是否要称重？,/,"根据高速公路管理规定，除客车外，所有货车（包含专项作业车等特种车辆）在上高速前，均需接受过磅称重。

如遇收费站未设置地磅，请您选择通行“ETC/人工”混合车道，并听从现场工作人员的指引。",/,,,
售前业务,咨询类,13,重型车辆运输车如何办理？,"行驶证副页标注“准牵引值”，但车辆类型非“重型半挂牵引车”的车型（如“重型车辆运输车”）按牵引车办理，其车轴数依据车头的总轴数进行填写，不计挂数。
注：在新办时，识别的车辆类型无法通过，则需要客户在[车辆类型]后缀手动添加[牵引车]字眼。","【重型车辆运输车办理指南】

办理类型：行驶证上“车辆类型”为 “重型车辆运输车” 的，应按 牵引车 进行ETC办理。

车轴数填写：车轴数应依据 车头部分的总轴数 进行填写，不计入后方挂车的车轴数。",/,,,
售前业务,咨询类,14,新办未激活绑定信用卡（暂停维护）,首先点击[微信支付]渠道，先绑定一张非工农建的储蓄卡，再绑定想要扣款的信用卡。,"【支付设置指引】

请您按以下步骤完成支付设置：

首选微信支付：在支付方式中，请选择“微信支付”。

绑定储蓄卡：请先绑定一张非工、农、建行的储蓄卡作为验证。

设置信用卡：最后，再绑定您希望用于扣款的信用卡即可。",/,,,
售前业务,咨询类,15,为什么办你们ETC，办理人员会另外收费？,"1.联系解悠客服线上申请设备邮寄办理，除运费外没有其它的费用收取；
2.在线下由工作人员协助安装，工作人员会协商收取手工安装费用，该费用是未缴到解悠公司的。","您好，非常感谢您使用我们的平台。

我们在此郑重说明：通过我司平台自主申请ETC是完全免费的。如果您在安装环节产生了费用，这并非我司收取，而是协助您安装的工作人员可能收取的服务费。

因此，关于这笔费用的具体问题，建议您直接联系为您办理业务的工作人员进行核实和沟通。希望这个说明能帮助到您！",/,,,
售前业务,咨询类,16,解悠货车服务小程序支持多个设备/密码登陆吗？,解悠货车服务小程序支持账号密码登陆及多人多设备（上限5个设备）同时登陆一个账号。,"【解悠货车服务小程序密码登录指南】

1、登录方式：支持账号密码登录。

2、多设备登录：支持最多5个设备同时登录同一账号。

【首次设置密码操作步骤】

1、首次登录：如果您未设置过密码，请先使用 “微信快捷登录” 或 “手机号验证码登录” 进入小程序。

2、找到入口：登录成功后，点击底部导航栏的 【我的】 ，在页面上方找到您的 手机号。

3、设置密码：在 手机号下方，即可找到 “设置密码” 的入口，按提示操作即可完成设置。",/,,,
售前业务,咨询类,17,解悠货车服务小程序忘记登陆密码，如何重置密码,/,"【忘记密码重置指南】

您好，忘记密码不用担心，请按以下步骤重置：

首先验证身份：请您先使用 【微信快捷登录】 或 【手机号验证码登录】 的方式成功进入小程序。

然后重置密码：登录成功后，请点击右下角 【我的】 ，在页面上方 手机号下方 即可找到 【设置密码】 入口，在此处重设您的新密码即可。",/,,,
售前业务,咨询类,18,解悠注销的设备可以二次发行吗？,解悠注销的设备不支持二次发行。,"【关于旧ETC设备的处理说明】

设备一旦办理注销或从车辆上更换下来，将立即失效，无法再次激活使用。

为确保您的账户安全并完成注销流程，请您对旧设备进行妥善回收，并统一邮寄回我司。感谢您的理解与支持！",/,,,
售前业务,咨询类,19,设备如何确认是否有电,"单片式：双击设备按钮
双片式：快速插拔两次
绿灯代表有电量，红灯代表设备电量低，正常设备使用支持10000次交易，充电时间会比较长，大概3至4个小时。
注：解悠设备支持太阳能、typeC接口充电方式。","【设备电量自检与充电指南】

您可以通过拔插设备卡，根据指示灯判断设备电量状态：

亮绿灯，显示“记账卡”：表示设备电量充足，可正常使用。

亮红灯，显示“电压低/电量低”：表示设备电量不足，需要充电。

充电方法：请使用Type-C接口数据线为设备充电3至4小时，即可恢复正常使用。",/,,,
售前业务,咨询类,20,解悠有卡设备蓝牙怎么打开？,/,"【开启设备蓝牙操作指南】

请您按照以下步骤操作：

1、将设备中的ETC卡片【拔出一半】。

2、然后，【连续、快速地将卡片插拔两次】。

3、操作完成后，请确保卡片【依然保持在设备中】。

4、此时，观察设备屏幕，若显示 “蓝牙打开” ，即表示蓝牙已成功开启。",/,,,
售前业务,咨询类,21,支持公司户绑定扣费吗？,/,"【公户ETC账单管理说明】

解悠ETC在激活时，需完成个人身份信息与银行卡的绑定。

待您的设备激活成功后，为方便公户管理，您可【开通解悠钱包功能】，即可申请对公账户进行充值，并划扣ETC通行账单。",/,,,
售前业务,咨询类,22,客户提问：进入解悠小程序的广告能关闭吗？,/,"非常抱歉给您带来了不好的体验！

您看到的广告页面是由微信平台提供的展示，并非解悠的合作商家。目前，包括其他ETC小程序在内的许多微信小程序，大多都会有类似的广告弹窗。

您可以直接点击广告弹窗左上角的 “跳过” 按钮即可关闭。感谢您的理解与耐心！",/,,,
售前业务,咨询类,23,怎么成为解悠ETC/解悠充电的代理？,"1.收集客户信息
客服向客户获取信息：姓名、联系电话、意向代理地区（省/市）

2.内部流转

①客服将收集到的信息通过微信/企业微信发送给当日在班组长。

②班组长收到后，将信息转发给市场部对接人。

3.市场部对接

市场部收到信息后，直接联系客户，沟通代理合作具体事宜。",您好，想成为代理需要您提供姓名、电话和意向代理地区。我帮您提交市场部，他们会联系您，详细沟通合作细节。,/,,,
售前业务,咨询类,24,代理提问：如何新办、客户需要添加车辆,/,"【关于新增车辆办理ETC的说明】

尊敬的客户，您好！

目前解悠ETC业务全面采用线上自主办理模式。若您需为新增车辆办理ETC，可联系我司，我们将为您邮寄专用设备，并全程协助您完成线上的自主激活与绑定。",/,,,
售前业务,咨询类,25,客户提问：为什么ETC也能在国道和部分停车场进行扣费,/,"【关于ETC应用场景与折扣的说明】

应用场景：ETC目前已从高速公路，扩展至部分国道、停车场、加油站及服务区等，为您提供快速通行的便利。

折扣规则：请注意，【只有在通行高速公路时才能享受通行费折扣】，其他扩展场景暂不参与折扣，但您依然可以享受“无感支付”的便捷体验。",/,,,
售前业务,咨询类,26,我退订了解悠通知短信，如何恢复？,"1. 引导客户按以下要求自行编辑短信并发送至指定号码：
编辑内容：本人手机号码（1xxxxxxxxx）愿意接收【解悠数字科技】下发的短信，保证不投诉及退订，特申请开通【解悠数字科技】下发的短信。
2. 根据客户手机号运营商，发送至对应号码：
　· 移动用户：10694782
　· 联通用户：10685842
　· 电信用户：10693838
3. 客户发送成功后，截图发送至在线客服或官方企微
4. 客服将截图反馈至支持岗（吴丛）
5. 支持岗为客户操作恢复短信接收功能
6. 客服将恢复结果同步客户","【第一步：询问手机号类型】
您好，请问您需要恢复接收短信的手机号，是您办理ETC时预留的手机号，还是其他手机号呢？

【第二步：根据客户回答回复】

情况一：是办理ETC时预留的手机号

好的，请您使用该手机号编辑短信：
本人手机号码愿意接收【解悠数字科技】下发的短信，保证不投诉及退订，特申请开通【解悠数字科技】下发的短信。
根据您的手机运营商，将短信发送至对应号码：
移动用户发送至 10694782
联通用户发送至 10685842
电信用户发送至 10693838
发送成功后，请将发送成功的截图提供给我们为您提交处理。
温馨提示：恢复后请留意不再退订，以免再次影响接收。

【情况二：不是办理ETC时预留的手机号】
您好，您提供的手机号非办理ETC时预留的号码，无法开通接收解悠公司的通知短信。
如果您需要接收解悠的通知短信，建议您使用办理ETC时预留的手机号申请恢复。
如您有其他问题，可随时联系我们，感谢您的理解与配合！",,,,
售前业务,咨询类,27,安装ETC后，进停车场如何避免扫上ETC？,/,"【ETC停车场账单管理指南】

若您希望避免ETC在停车场等场景自动扣费，可通过高速小程序临时停用，操作步骤如下：

【停用步骤】（进入停车场前操作）

1.打开微信，搜索并进入 “中国ETC服务” 小程序。

2.点击首页的 【ETC服务】。

3.在功能列表中找到并点击 【停用】 即可。

【启用步骤】（离开停车场后操作）

1.再次进入 “中国ETC服务” 小程序。

2.点击 【ETC服务】 。

3.点击 【启用】 ，功能将立即恢复。

【重要提示】

1.ETC停用后，需等待【至少15分钟】方可再次操作启用，请您提前规划。

2.在操作【停用】与【启用】时需要连接蓝牙（手机蓝牙，设备蓝牙打开：快速插拔卡两次设备蓝牙打开）",/,,,
售前业务,咨询类,1,满帮新办提示“解悠****手机号已被满帮****账号绑定，无法重复绑定，请更换手机号开卡”,该报错需要满帮工作人员反馈至其满帮技术解除绑定关系后，再次办理。,您好，该报错需要您反馈至贵方的技术申请解绑关系后再次申办解悠ETC。,/,,,
售前业务,咨询类,2,满帮新办提示“用户信息不匹配”,"1.查询路网完整开户信息核实是否与后台的发行方手机号是否一致；
（收集客户信息手机号、身份证号码，反馈客服组长查询并核实）
1.1若不一致，受理坐席需要在客户列表→发行方的手机号修改为与路网查询的开户手机号一致，再让客户操作办理。
1.2若一致，则收集客户办理手机号、报错页面截图流转工单至【客服组长】。","一、【发起查询（通用话术）】
您好，请您提供一下办理时使用的手机号、车牌号，并需要您配合提供身份证件照片，以便我们提交后台进行详细核查。

查询到结果后，我们会第一时间主动告知您，请您放心并耐心等待。

二、【根据查询结果进行回复】
2.1 情况一：信息不一致


您好，查询到需要后台为您更新手机号，请您稍等片刻，处理完成后会立即通知您。

2.2 情况二：信息一致

此报错需要为您提交至技术部门进行深度排查。一旦有最新进展，我们会第一时间告知您，非常感谢您的耐心等待。",工单类型【9901划扣问题】,,,
售前业务,新办实名报错,3,报错提示“请完成实名认证”,需要让客户在“解悠货车服务”重置实名即可。,"【实名认证重置操作指南】

您好，您遇到的报错需要通过重置实名认证来解决。

请您按以下路径操作：

1.打开微信，进入 【解悠货车服务】小程序。

2.点击底部导航栏的 【我的】 。

3.在页面中找到并点击 【实名认证】。

4.进入后，请选择 【重置实名】 → 【立即认证】。

请您根据页面提示完成新的认证流程，成功后即可继续办理您的业务。",/,,,
售前业务,新办实名报错,4,报错提示“accountld：must not beblank”,"1.前往“中国ETC服务”小程序实名重置实名后再继续办理；
2.若步骤一操作之后还是有该报错，需要反馈至“网路智联群”核实处理。","您好，您遇到的报错需要通过“中国ETC服务”小程序重置实名信息来解决。请您按顺序操作：

第一步：重置状态

1.由开户人登录 “中国ETC服务” 小程序。

2.点击右下角 【我的】 → 再点击页面右上角的 【螺母/设置图标】。

3.找到并点击 【重置实名状态】。

第二步：更换登录账号

1.再次点击 【我的】 → 【设置】。

2.点击 【退出登录】。

第三步：重新登录认证

1.返回小程序首页，点击左上角 【请登录】。

2.选择 【手机号快捷登录】 → 【添加新号码】 进行登录。

3.最后根据页面提示完成 【实名认证】。

温馨提示：若完成以上所有步骤后问题依旧，请您及时反馈给我们，我们将为您进一步排查。",路网（网路智联→解悠数科货车ETC售后沟通）,"=DISPIMG(""ID_C6A22D26B02343439F039F4BE0D60387"",1)",,
售前业务,新办实名报错,4,报错提示“网络不给力，请稍后再试”,"1.原因：是微信小程序官方存在的网络请求解析问题导致。
2.处理方法：请客户手机开一下飞行模式重置一下网络，然后再试试。","【网络重置操作指南】

您好，您遇到的报错可能是由于网络缓存导致。请您按以下步骤操作：

请您先打开手机的 【飞行模式】。

等待约 5秒钟 后，再关闭飞行模式，以重置网络连接。

网络恢复后，请完全关闭微信后台，再重新进入 “解悠货车服务”小程序 即可继续操作。",/,"=DISPIMG(""ID_149089C507C3496E97C68AFD161365E1"",1)",,
售前业务,新办实名报错,5,报错提示“该车辆暂时不可办理”,收集客户信息（姓名、手机号、车牌号），及报错页面截图走CRM工单至【客服组长】受理。,"您好，此报错需要您提供车牌号及完整的报错页面截图，以便我们提交至相关部门进行核查。

我们会在收到回复后的第一时间主动告知您，感谢您的耐心等待与配合。",工单类型【9901划扣问题】,,,
售前业务,新办实名报错,6,报错提示“请联系客服解除黑名单后继续办理”,"收集客户信息在CRM后台“拉黑记录”进行查询。
1.新办出现该报错一般都是客户新增车辆，名下其它车辆有逾期账单进入黑名单。
2.若黑名单备注“风控黑名单”此原因，客户无法再次办理解悠产品。","【情况一：需查询信息】
您好，请您提供一下办理时使用的手机号，我们需要为您在后台进行详细查询。
查询到结果后，我们会第一时间主动告知您，请您放心并耐心等待。

【情况二：因逾期进入黑名单】
您好，我们已为您核实。由于您名下存在ETC逾期账单并已进入黑名单状态，需要您先结清所有逾期账单，之后才能重新申请办理新的ETC业务。

【情况三：逾期过久，永久禁止申办】
非常抱歉，由于您的ETC账单逾期时间过长，系统基于综合风险评估，已限制该设备的使用权限。目前我们能为您提供的服务是办理注销。注销完成后，您可以选择申请办理其他ETC产品。

",/,"=DISPIMG(""ID_17BA88E0801F41DE95BECD85560AD67F"",1)",,
售前业务,新办实名报错,7,报错提示“登录用户不存在，请重新登录”,"1.前往“中国ETC服务”小程序实名重置实名；
2.“解悠货车服务”小程序→我的→实名认证→重置实名→立即认证，认证成功之后再继续办理。","您好，您遇到的报错需要通过以下流程重置实名信息来解决，请您按顺序操作：

第一部分：在“中国ETC服务”小程序操作

重置状态：由开户人登录 “中国ETC服务” 小程序，点击【我的】→ 右上角【设置图标】→ 【重置实名状态】。

退出登录：再次进入【我的】→ 【设置】→ 点击 【退出登录】。

重新认证：返回首页，点击左上角【请登录】→ 【手机号快捷登录】 → 【添加新号码】 登录后，根据提示完成实名认证。

第二部分：在“解悠货车服务”小程序操作
完成上方操作后，请进入 “解悠货车服务” 小程序，点击【我的】→ 【实名认证】 → 【重置实名】 → 【立即认证】，完成认证后即可继续办理。",/,,,
售前业务,新办实名报错,8,报错提示“用户信息不存在”,"1.引导客户客户前往“中国ETC服务”小程序重置实名后再继续操作新办；
2.若步骤一尝试无果，则需要提供客户信息(收集客户信息手机号、身份证号码）至客服组长查询路网开户信息，同时创建工单至【客服组长】进行排查。","您好，您遇到的报错需要通过“中国ETC服务”小程序重置实名信息来解决。请您按顺序操作:
第一步:重置状态
1.由开户人登录 “中国ETC服务” 小程序。
2.点击右下角 【我的】- 再点击页面右上角的 【螺母/设置图标】
3.找到并点击 【重置实名状态】
第二步:更换登录账号
1.再次点击 【我的】 → 【设置】。
2.点击 【【退出登录】
第三步:重新登录认证
1.返回小程序首页，点击左上角 【请登录】
2.选择 【手机号快捷登录】 → 【添加新号码】 进行登录。
3.最后根据页面提示完成 【实名认证】
请您按照以上步骤，完成实名认证后再继续尝试新办，若完成以上所有步骤后问题依旧，请您及时反馈给我们，我们将为您进一步排查。",工单类型【9901划扣问题】,,,
售前业务,新办实名报错,9,报错提示“身份信息异常，请联系客服处理”,"1.查询路网完整开户信息核实是否与后台办理信息是否一致；
（收集客户信息手机号、身份证号码，反馈客服组长查询并核实）
2.若不一致，如姓名识别错误，客户自行前往“中国ETC服务”小程序重置实名，或发邮件后反馈路网群修改。
2.1修改开户人信息邮件涉及邮箱：etc_xuanzhuang@163.com
模板：贾xx，134xxxx0045，晋J12345F，黄绿牌，身份证件照。
3.若一致，反馈至群内提示截图及办理信息流转工单至【客服组长】。","一、发起查询（通用话术）
您好，请您提供一下办理时使用的手机号、车牌号，并需要您配合提供身份证件照片，以便我们提交后台进行详细核查。

查询到结果后，我们会第一时间主动告知您，请您放心并耐心等待。

二、根据查询结果进行回复
2.1 情况一：路网实名信息错误（需客户自行操作）

我们已为您核实，此问题是由于路网中心的实名信息记录有误导致的。

请您按以下步骤在官方小程序中修正信息：

重置状态：由开户人登录 “中国ETC服务” 小程序，点击【我的】→ 右上角【设置图标】→ 【重置实名状态】。

更换登录：再次进入【我的】→ 【设置】→ 点击 【退出登录】。

重新认证：返回首页，点击左上角【请登录】→ 【手机号快捷登录】 → 【添加新号码】 登录后，根据提示完成实名认证。

完成后即可恢复正常办理。

2.2 情况二：客户操作后仍未成功（需升级处理）

我们理解您已按要求操作。经再次核查，确认仍是路网实名信息错误。

此问题目前已超出自行处理范围，我们已为您加急反馈至技术部门进行人工修改。修改完成后我们会第一时间主动通知您，感谢您的耐心等待。

2.3 情况三：其他未知报错（需技术排查）

您遇到的报错原因较为特殊。我们已为您详细记录，并提交至技术部门进行专项排查。一有回复我们会立即告知，请您放心，感谢您的耐心配合。","1.路网（网路智联→解悠数科货车ETC售后沟通）
2.工单类型【9901划扣问题】",,,
售前业务,新办实名报错,10,报错提示：“用户数据已存在中心，且手机号与此次申请不同，请用原中心注册手机号”,"1.收集客户信息(手机号、身份证号码）提供至组长核实路网开户信息是否一致。

1.1若不一致：引导客户前往“中国ETC服务”小程序重置实名信息后，重新尝试办理。

1.2若一致，但客户反复实名仍无法办理：协助客户取消当前订单，重新发起办理流程。

2.若以上操作仍无法解决，需收集客户身份证正反面照片，创建工单至【客服组长】核实是否为垃圾数据。

2.1产品部处理完毕后，会将结果反馈至客服，由客服同步客户，并引导其重新尝试操作。","一、发起查询（通用话术）
您好，请您提供一下办理时使用的手机号、车牌号，并需要您配合提供身份证件照片，以便我们提交后台进行详细核查。

查询到结果后，我们会第一时间主动告知您，请您放心并耐心等待。

二、根据查询结果进行回复
2.1 情况一：路网实名信息错误（需客户自行操作）

我们已为您核实，此问题是由于路网中心的实名信息记录有误导致的。

请您按以下步骤在官方小程序中修正信息：

重置状态：由开户人登录 “中国ETC服务” 小程序，点击【我的】→ 右上角【设置图标】→ 【重置实名状态】。

更换登录：再次进入【我的】→ 【设置】→ 点击 【退出登录】。

重新认证：返回首页，点击左上角【请登录】→ 【手机号快捷登录】 → 【添加新号码】 登录后，根据提示完成实名认证。

完成后即可恢复正常办理。

2.3 情况二：仍无法办理（需技术排查）

您遇到的报错原因较为特殊。我们已为您详细记录，并提交至技术部门进行专项排查。一有回复我们会立即告知，请您放心，感谢您的耐心配合。",工单类型【9901划扣问题】,,,
售前业务,新办实名报错,11,报错提示“当前认证信息与路网备案不一致，请确认”,"路网姓名与后台不一致导致或办理手机号不一致导致。
排查：收集客户信息（手机号、身份证照片）反馈客服组长查询路网开户信息，并核实与后台填写信息是否一致。
1.若路网跟客户提供信息一致，但9901后台实名错误：
需要客户去解悠小程序“解悠货车服务”小程序重置实名。
2.若路网跟客户提供信息不一致（姓名识别错误），客户需要通过“中国ETC服务”小程序操作重置实名，或发邮件后反馈路网群修改。
2.1可发邮件让路网进行修改
修改开户人信息邮件涉及邮箱：etc_xuanzhuang@163.com
模板：模板：贾xx，134xxxx0045，晋J12345F，黄绿牌，身份证件照。","一、发起查询
话术：

您好，请您提供一下办理时使用的手机号并配合提供身份证件照片，我们需要为您提交至后台进行核查。

查询到结果后，我们会第一时间主动告知您，请您放心并耐心等待。

二、根据错误来源提供解决方案
2.1 情况一：解悠小程序实名信息错误

我们已为您核实，此问题是由于您在解悠小程序的实名信息有误导致的。

请您前往 “解悠货车服务”小程序，按以下路径操作修正：
【我的】→ 【实名认证】→ 【重置实名】→ 【立即认证】

请您根据页面提示完成新的认证流程，成功后即可继续办理。

2.2 情况二：路网信息实名错误（需客户先行操作）

我们已为您核实，此问题是由于全国路网中心的实名信息记录有误导致的。

请您按以下步骤在官方小程序中修正信息。我们建议由开户人本人操作：

重置状态：登录 “中国ETC服务” 小程序，点击【我的】→ 右上角【设置图标】→ 【重置实名状态】。

更换登录：再次进入【我的】→ 【设置】→ 点击 【退出登录】。

重新认证：返回首页，点击左上角【请登录】→ 【手机号快捷登录】 → 【添加新号码】 登录后，根据提示完成实名认证。

完成后即可恢复正常办理。

2.3 情况三：路网信息修正后仍未成功（需升级处理）

我们理解您已按要求完成操作。经再次核查，确认问题仍存在于路网实名信息。此问题目前已为您加急反馈至技术部门进行人工修改。修改完成后，我们会第一时间通过电话/短信通知您，请您保持通讯畅通，感谢您的耐心等待。",路网（网路智联→解悠数科货车ETC售后沟通）,,,
售前业务,新办实名报错,12,报错提示“该用户已变更手机号，请重新登录”,"路网手机号及后台实名手机号不一致导致。
排查：收集客户信息（手机号、身份证照片）反馈客服组长查询路网开户信息并核实。
1.用解悠小程序注册手机号办理，需前往“中国ETC小程序”用解悠登陆手机号重新实名认证，再前往解悠小程序继续办理；
2.用中国ETC注册手机号办理，让客户在解悠小程序取消实名后，再用中国ETC注册手机号登陆办理。","一、问题说明与确认
您好，我们核实到您在解悠小程序注册的手机号与在“中国ETC服务”路网中心注册的手机号不一致。为了准确为您处理，请问您希望使用哪一个手机号作为最终的办理账号？

使用【解悠小程序】注册的手机号

使用【中国ETC服务】注册的手机号

二、根据客户选择提供专属方案
2.1 方案一：使用【解悠小程序】注册手机号办理

（确认选择） 好的，已确认您将使用在解悠小程序注册的手机号进行办理。

（操作指引） 请您按以下步骤操作：

请确保使用该手机号登录 “中国ETC服务” 小程序，并完成实名认证。

认证成功后，返回 “解悠货车服务” 小程序，即可继续办理您的业务。

2.2 方案二：使用【中国ETC服务】注册手机号办理

（确认选择） 好的，已确认您将使用在中国ETC服务注册的手机号进行办理。

（操作指引） 请您按以下步骤操作：

首先，请您进入 “解悠货车服务” 小程序，点击【我的】→ 【实名认证】 → 【重置实名】→【立即认证】。

其次，退出当前账号，使用您确认的【中国ETC服务】手机号重新登录解悠小程序。

最后，点击 【申办ETC】 ，系统会引导您完成实名认证，之后即可继续办理。

",/,,,
售前业务,新办实名报错,13,报错提示“实名认证信息异常”,"1.后台[客户列表]核实客户的实名是否成功。
1.1若成功，需要流转工单至【客服组长】进行排查；
1.2若实名异常，则需要客户重新实名，实名成功后再继续办理。","您好，为了更好地协助您核查问题，需要请您提供办理时预留的手机号码以及身份证件照片，以便我们提交后台进行详细查询。

我们会在获取结果后的第一时间主动联系您，感谢您的耐心等待与配合。","
工单类型【9901划扣问题】",,,
售前业务,新办实名报错,14,报错提示“上传的身份信息和登录人不一致，请核实”,"1.核实后台-客户列表[发行方手机号]与客户提供的办理手机号是否一致，若不一致，需要进行修改。若一致则参考以下流程。
注：若不一致需要客户用新手机号前往中国ETC服务小程序做一个实名认证再进行修改。
2.核实后台与路网的实名信息是否一致。
（查询流程：收集客户信息，手机号、车牌号、身份证照片反馈客服组长查询，并核实开户信息是否一致）。
2.1若一致，可能是车牌占用，需要通过“通行宝”查询占用；
2.2客服查询流程：微信小程序“ETC通行宝”→登陆→首页“资格查询”→输入正确车牌颜色及车牌号进行查询。
3.若不一致，请客户提供（手机号、车牌号、身份证照片）核实后台身份证号码识别是否有误。
3.1若识别有误，需要客户在报错界面修改正确的身份证号码。

","一、发起查询（通用话术）
您好，麻烦您提供一下办理时使用的手机号并配合提供身份证件照片，我们需要为您提交至后台进行核查。

查询到结果后，我们会第一时间主动告知您，请您放心并耐心等待。

二、根据查询结果进行回复
2.1 情况一：手机号不一致

（情况说明） 我们已为您核实到，该车牌在ETC系统（发行方）绑定的手机号是：[请在此处填入具体手机号]。

（解决方案） 如果您希望使用新手机号 [请在此处填入客户的新手机号] 办理，请您先用这个新手机号的微信登录 “中国ETC服务” 小程序，并完成实名认证。认证成功后，即可返回继续办理。

2.2 情况二：车牌已被占用

（情况说明） 我们核实到，您的车牌已于 [XXXX年XX月] 办理了 [XX发行方] 的ETC业务。

（解决方案） 请您先联系全国高速客服热线 95022 办理旧设备的注销手续。注销成功后，即可返回申办解悠ETC。

2.3 情况三：证件号码识别错误

（情况说明） 我们核实到，此报错是由于身份证号码识别有误导致的。

（操作指引） 请您返回至报错界面，仔细核对并修改为正确的证件号码后，再次提交申请即可继续办理。

",/,"=DISPIMG(""ID_14982C729C3140FEB7C2E4ACA5BAE814"",1)",,
售前业务,新办实名报错,15,报错提示“用户姓名，手机不匹配”,"排查：收集客户信息（手机号、车牌号、身份证照片）反馈客服组长查询，并核实开户信息是否一致。
1.不一致，让客户前往“中国ETC服务”小程序进行实名；
2.一致，收集客户信息（手机号、路网开户信息一致）流转工单至【产品部-李梦可】处理。","【实名认证操作指引】

您好，此业务需要先完成官方平台的实名核验。

请您按以下步骤操作：

请确保使用您办理时预留的手机号所绑定的实名微信。

打开并进入 “中国ETC服务” 小程序。

在首页找到并完成 【实名认证】。

认证成功后，返回 “解悠货车服务” 小程序，即可继续您当前的办理流程。","
工单类型【9901划扣问题】",,,
售前业务,新办实名报错,16,报错提示““姓名、身份证、手机号信息不一致，请检查”，“姓名、身份证信息不一致，请检查”,"排查：
1.通过客户提供的信息对后台客户的三要素信息（手机号、姓名、身份证号）进行核实。
2.上述信息均无误，收集客户信息（手机号、车牌号、身份证照片）反馈客服组长查询路网开户信息与后台信息进行核对。
2.1查询完整身份证号路径：将客户信息通过邮件形式发送至路网邮件，并在【网路智联】群中告知。
涉及邮箱：etc_xuanzhuang@163.com
模板：贾xx，134xxxx0045，晋J12345F，黄绿牌，身份证件照。
2.2若一致请提供客户信息及身份证图片流转工单至【客服组长】处理。","您好，为了准确为您核查问题，需要请您提供办理时【预留的手机号码】以及【您的身份证件照片】。

我们将据此提交后台进行详细查询，结果出来后会在第一时间主动告知您，感谢您的耐心等待与配合。","
1.查询身份证号/手机号完整信息反馈路网（网路智联→解悠数科货车ETC售后沟通）
2.工单类型【9901划扣问题】",,,
售前业务,新办实名报错,17,路网开户失败/该手机号已存在中心，且与此次申请手机号不同,前往“中国ETC服务”小程序实名重置实名后再继续办理,"您好，您遇到的报错需要通过“中国ETC服务”小程序重置实名信息来解决。请您按顺序操作：

第一步：重置状态

1.请由开户人本人登录 “中国ETC服务” 小程序。

2.点击右下角 【我的】 → 再点击页面右上角的 【螺母/设置图标】。

3.找到并点击 【重置实名状态】。

第二步：更换登录账号

1.再次点击 【我的】 → 【设置】。

2.点击 【退出登录】。

第三步：重新登录认证

1.返回小程序首页，点击左上角 【请登录】。

2.选择 【手机号快捷登录】 → 【添加新号码】。

3.使用您需要绑定的新手机号登录，并根据页面提示完成 【实名认证】。

完成以上步骤后，即可返回解悠小程序继续办理。",/,"=DISPIMG(""ID_3F26FE0BB0FD486D985A23F00578ACEC"",1)",,
售前业务,新办实名报错,18,中国ETC服务小程序实名认证报错提示“用户与姓名不匹配”,需要用办理人的实名微信号前往“中国ETC服务”小程序进行操作。,"您好，此页面报错需要在官方平台完成校验。

请您务必使用【办理人手机号绑定的实名微信】，登录 “中国ETC服务” 小程序进行操作即可。",/,,,
售前业务,新办实名报错,19,解悠实名认证收不到验证码,"1.需要询问客户是否为携号转网；
1.1是携号转网需要将办理人的手机号反馈至网路智联群；
1.2不是携号转网，让客户不要频繁发送验证码，等待5分钟后再次发送；
2.询问客户今天接收几次验证码，路网限制是一天只能接收10次验证码","一、初步诊断与询问
您好，为了精准定位您遇到的问题，请问您办理ETC时使用的手机号，是否是携号转网的号码？（例如：从中国电信转入中国移动）

二、根据客户回答提供解决方案
2.1 情况一：是携号转网号码

（情况说明与方案） 您好，我们已核实到您的问题与携号转网有关。该情况较为特殊，我们已为您提交至技术部门进行专项处理。

请您保持手机畅通，一有回复我们会第一时间通过电话或短信通知您，感谢您的耐心等待。

2.2 情况二：非携号转网号码

（解决方案与引导） 您好，请您等待5分钟后再次尝试获取验证码，请避免频繁点击。
如果仍无法收到，建议您仔细检查手机短信的拦截记录，验证码短信可能被系统误判并收纳其中。

2.3 情况三：验证码次数超限

（情况说明） 您好，由于路网中心平台有安全限制，每个手机号每天最多接收10条实名认证验证码。

（解决方案与提醒） 如果您今天的接收次数已满，则需要请您等待明天再继续操作。建议您在次日操作时，合理安排验证码的获取次数。",路网（网路智联→解悠数科货车ETC售后沟通）,,,
售前业务,新办实名报错,20,报错提示：账户已开户,"收集客户手机号、车牌号、身份证照片报给客服组长查询，并核实开户信息。
路网开户信息若未查询到，请告知客户前往“中国ETC服务”小程序用办理手机号实名认证后再尝试操作；
","您好，您遇到的报错需要通过“中国ETC服务”小程序完成实名认证来解决。请您按以下步骤操作：

第一步：重置实名状态 (由开户人操作)

1.登录 “中国ETC服务” 小程序。

2.点击右下角 【我的】 → 点击右上角 【设置图标】 (形如螺母) 。

3.找到并点击 【重置实名状态】。

第二步：使用新手机号登录并认证

1.返回小程序首页，点击左上角 【请登录】。

2.选择 【手机号快捷登录】 → 【添加新号码】。

3.使用您需要绑定的手机号登录，并根据页面提示完成 【实名认证】。

完成以上步骤后，即可返回解悠小程序继续办理。",/,,,
售前业务,新办实名报错,21,报错提示：数据操作成功，请耐心等待10秒之后重新尝试,"收集客户信息（车牌号、手机号及身份证照片）反馈客服组长查询，并核实开户信息是否一致；
1.若不一致：让客户去中国ETC重置实名，再到解悠小程序→我的→实名认证→取消实名→重新实名→立即认证，认证成功之后再继续办理。
2.若一致，则将客户开户信息流转工单至【客服组长】处理。","您好，您遇到的报错需要通过以下流程重置实名信息来解决，请您按顺序操作：

第一部分：在“中国ETC服务”小程序操作 (由开户人执行)

重置状态：登录小程序，点击【我的】→ 右上角【设置图标】→ 【重置实名状态】。

退出登录：再次进入【我的】→ 【设置】→ 【退出登录】。

重新认证：返回首页，点击【请登录】→ 【手机号快捷登录】 → 【添加新号码】 登录后，完成实名认证。

第二部分：在“解悠货车服务”小程序操作
完成上方操作后，请进入解悠小程序，点击【我的】→ 【实名认证】 → 【取消实名】 → 【重新实名】 → 【立即认证】。认证成功后即可继续办理。",工单类型【9901划扣问题】,,,
售前业务,新办实名报错,22,报错提示：您还未完成个人账户信息录入，请点击确定前往,"收集客户信息（车牌号、手机号及身份证照片）反馈客服组长查询，并核实路网开户信息是否一致；
1.若不一致：
让客户去中国ETC重置实名，然后再到我们解悠小程序→我的→实名认证→重置实名→立即认证，认证成功之后再继续办理。
2.若一致，则将客户开户信息流转工单至【客服组长】处理。","您好，您遇到的报错需要通过以下流程重置实名信息来解决，请您按顺序操作：

第一部分：在“中国ETC服务”小程序操作 (由开户人执行)

重置状态：登录小程序，点击【我的】→ 右上角【设置图标】→ 【重置实名状态】。

退出登录：再次进入【我的】→ 【设置】→ 【退出登录】。

重新认证：返回首页，点击【请登录】→ 【手机号快捷登录】 → 【添加新号码】 登录后，完成实名认证。

第二部分：在“解悠货车服务”小程序操作
完成上方操作后，请进入解悠小程序，点击【我的】→ 【实名认证】 → 【重置实名】 → 【立即认证】。认证成功后即可继续办理。",工单类型【9901划扣问题】,,,
售前业务,新办实名报错,23,实名认证报错提示：身份信息异常，认证失败,"1.客户输入的姓名，身份证可能不是同一个人 ，让客户重新输入 姓名，身份证号，手机号 （要素统一）；
2.如果信息一致，就是被银行风控了，只能换一个人进行办理（若信息一致需要将客户信息流转工单至【客服组长】处理之再做解答）。","1.您好，经系统查询，您填写的办理人信息与系统记录不一致。请您仔细核实所有信息后，重新填写并提交，以确保办理流程顺利进行。
2.非常抱歉，您的申请因触发银行风险控制系统暂无法通过。建议您取消当前订单后，更换其他经办人重新提交申请。",工单类型【9901划扣问题】,,,
售前业务,新办实名报错,24,该手机号已经在中心绑定过证件号，且与上传证件不符,前往“中国ETC服务”小程序实名重置实名后再继续办理,"您好，此页面报错需要您在官方平台更新实名信息。请您按以下步骤操作：

第一步：重置实名状态 (由开户人操作)

请使用办理手机号登录 “中国ETC服务” 小程序。

点击右下角 【我的】 → 点击右上角 【设置图标】 (形如螺母)。

找到并点击 【重置实名状态】。

第二步：重新登录并完成认证

再次点击 【我的】 → 【设置】 → 【退出登录】。

返回小程序首页，点击左上角 【请登录】。

选择 【手机号快捷登录】 → 【添加新号码】。

再次使用您的办理手机号登录，并根据页面提示完成 【实名认证】。

完成以上步骤后，即可返回继续办理",/,,,
售前业务,新办实名报错,25,办理时提示报错：“同一个手机号只能申办一个个人户”,需要更换办理人的手机号进行申请，且该手机号须要本人身份证办理的。,"您好，此业务提示需要您更换办理人的手机号重新提交申请。
【重要提醒】：新更换的手机号必须是办理人本人身份证办理的实名号码。",/,,,
售前业务,新办实名报错,26,"姓名校验不通过,原名xx
（路网姓名与身份证姓名不一致可用）",需要更换办理人的手机号进行申请，且该手机号须要本人身份证办理的。,"您好，请您提供办理时使用的手机号及身份证件照片，我们需要据此为您提交后台核查。查询到结果后，我们会第一时间主动告知您，请您耐心等待。

若核查结果为路网实名信息错误，请您按以下步骤操作：

1.由开户人登录“中国ETC服务”小程序，进入【我的】→右上角【设置】→点击【重置实名状态】；

2.再次进入【我的】→【设置】→点击【退出登录】；

3.返回首页，点击【请登录】→选择【手机号快捷登录】→【添加新号码】→完成实名认证。

若按上述步骤操作后仍未解决：
我们已确认是路网实名信息问题，现已为您反馈至相关部门处理。修改完成后我们将第一时间通知您，感谢您的耐心等待。",/,"=DISPIMG(""ID_0930FD3A644540318D77C0BB7628269C"",1)",,
售前业务,新办实名报错,27,上传身份证提示“出错”,身份证有效期识别错误，需要客户手动修改报错界面的身份证有效期,"您好，系统识别您身份证的有效期有误，从而导致报错。

解决方法：请您返回当前界面，手动修改为正确的身份证有效期后，即可继续提交。",/,,,
售前业务,新办实名报错,28,新办时无法选填紧急联系人信息,收集客户信息（姓名、手机号）流转工单至【客服组长】处理。。,"您好，请您提供办理人姓名与手机号，我们将把信息提交至相关部门进行修改。

修改成功后，我们会第一时间通知您，请您耐心等待。",工单类型【9901划扣问题】,,,
售前业务,新办实名报错,29,报错提示“车牌不匹配行驶证ocr反面，与输入内客不匹配”,"1.需要让客户提供行驶证原件，核实是否是行驶证件模糊导致。
1.1若是，操作流程：将行驶原件登记至“后督稽查台账-证件不规范”中。","您好，您的资料已成功报备至高速路网。

为确保系统能准确识别，建议您对图片进行适当优化（如调整亮度、角度或裁剪边距）后重新上传。",/,,,
售前业务,新办实名报错,30,报错提示“json格式解析失败”,"

1.让客户核实该界面的车辆外形尺寸填写是否正确；
2.若外形尺寸正确，让客户通过手机自带相机拍照后上传提交。
若步骤1、2都尝试无果，只能取消订单重新办理（因该报错是路网原因导致）。","一、【针对车辆外形尺寸问题】
 情况一：请客户核实并修改

您好，请您仔细核对当前界面填写的车辆外形尺寸是否准确。

如果发现填写有误，请您手动修改为正确的尺寸数据后再次提交。

 情况二：【尺寸正确，需重新拍照】

您好，若确认尺寸填写无误，此问题可能是图片清晰度导致的。

请您打开手机自带相机，重新为车辆拍照后再次上传提交即可。

二、【针对需取消订单重新办理的情况】

您好，您遇到的报错需要为您取消当前订单并重新办理。

我们现在为您操作，过程中需要您接收短信验证码。请问您现在方便接收吗？",/,"=DISPIMG(""ID_2C3F28ABD7064FB29A3186479A8FB534"",1)",,
售前业务,新办实名报错,31,报错提示“此车已激活成功，无法办理”,"“ETC通行宝”→资格查询，查询车牌占用状态。
1.若无占用，需要收集客户信息及报错截图流转工单至【客服组长】处理；
2.若非“统一平台前占用”，则告知其联系高速热线95022注销之前的ETC。","情况一：【问题已升级处理】

您好，您的问题我们已详细记录并提交至技术部门进行加急处理。

技术部门给出解决方案后，我们会第一时间主动联系您。感谢您的耐心等待。

情况二：【车牌已被占用】

您好，我们核实到，您的车牌已于 [XXXX年XX月] 办理了 [XX发行方] 的ETC业务。

请您先联系全国高速ETC服务热线 95022，办理旧设备的注销手续。

注销成功后，即可返回重新申办我们的解悠ETC产品。",工单类型【9901划扣问题】,,,
售前业务,新办实名报错,32,报错提示“未找到协议号，不允许办理”,收集客户信息（姓名、手机号、车牌号）及报错界面截图反馈至9901技术群处理,"您好，为了精准核查您遇到的问题，需要请您提供办理人姓名、手机号及车牌号。

我们将把信息提交至相关部门进行排查，待有回复会第一时间告知您，感谢您的耐心等待与配合。
",工单类型【9901划扣问题】,"=DISPIMG(""ID_D1D8752DC28041D6991A2FA795D7EFD1"",1)",,
售前业务,新办实名报错,33,报错提示“暂不支持客户重复签约”,收集客户信息（姓名、手机号、车牌号）及报错界面截图流转工单至【客服组长】处理。,"您好，为进一步核查您遇到的问题，我们需要您提供以下信息：办理人姓名、手机号及车牌号。

收到信息后，我们将立即提交至技术部门进行专项排查。待有回复会在第一时间告知您，感谢您的理解与耐心配合。",工单类型【9901划扣问题】,,,
售前业务,新办实名报错,34,报错提示“相同的车牌，刚完成校验，请稍后再试”,"1.提交频繁，等待20S后去操作；
2.“通行宝”→资格查询，查询车牌占用状态。
2.1若为“统一平台前占用”联系路网解绑释放一下。
①将客户姓名、手机号、车牌号及颜色反馈至路网群解绑释放；
②解绑邮件涉及邮箱：etc_xuanzhuang@163.com
模板：贾xx，134xxxx0045，晋J12345F，黄绿牌，解绑原因：解绑重新办理。
2.2若非“统一平台前占用”，则告知其联系高速热线95022注销之前的ETC。","【订单提交提示】

您好，请您等待20秒后重新提交订单，请勿频繁点击，以免触发系统限制。

【问题已上报处理】

您好，您的问题我们已记录并提交至技术部门进行排查。待有回复会在第一时间主动告知您。感谢您的耐心等待。

【非解悠占用处理】

您好，我们核实到您的车牌（车牌号）已于（XX年XX月）办理了（XX发行方）的ETC业务。请您先拨打全国高速ETC服务热线 95022 办理注销，完成后即可重新申办解悠ETC。",路网（网路智联→解悠数科货车ETC售后沟通）,,,
售前业务,新办实名报错,35,报错提示“车辆办理状态不正确，不允许办理”,"取消后台订单，重新办理；
排查：若无法取消订单，“通行宝”→资格查询，查询车牌占用状态。
1.若为“统一平台前占用”，需要后台取消订单后重新办理；
1.1若后台无法取消订单则联系路网反馈释放车牌。
①将客户姓名、手机号、车牌号及颜色反馈至路网群解绑释放；
②解绑邮件涉及邮箱：etc_xuanzhuang@163.com
模板：贾xx，134xxxx0045，晋J12345F，黄绿牌，解绑原因：解绑重新办理。","1.您好，当前订单需要取消并重新扫码办理。稍后操作时需要您配合接收短信验证码，请问现在是否方便？
2.您的问题已反馈相关部门进行排查，待回复后会第一时间告知您，请您耐心等待。",路网（网路智联→解悠数科货车ETC售后沟通）,,,
售前业务,新办实名报错,36,报错提示：“未找到车辆信息、订单状态不正确，请重新尝试”,"取消后台订单，重新办理。
须知：取消订单是按照创建时间进行释放
1.创建时间大于30分钟，取消订单后需要等待5分钟后可新办；
2.创建时间小于30分钟，取消订单后需要等待10→15分钟后可新办。",您好，您遇到的报错需要为您取消当前订单并重新办理。我们稍后会向您发送短信验证码以完成操作，请问现在方便接收吗？,/,,,
售前业务,新办实名报错,37,报错提示“车户尚未绑定”,返回上一步界面刷新重新操作即可,您好，此问题可能因页面数据未及时更新导致。请您返回上一步界面，先刷新页面，然后重新提交即可。,/,,,
售前业务,新办实名报错,38,报错提示“该车牌已被申请”,"查询后台是否有订单，及“通行宝”→资格查询，查询车牌占用状态。
1.若非“统一平台前占用”，则告知其联系高速热线95022注销之前的ETC。
2.若为“统一平台前”占用，需反馈路网释放车牌，再让客户重新办理。
①将客户姓名、手机号、车牌号及颜色反馈至路网群解绑释放；
②解绑邮件涉及邮箱：etc_xuanzhuang@163.com
模板：贾xx，134xxxx0045，晋J12345F，黄绿牌，解绑原因：解绑重新办理。
3.若车牌无占用，请客户等待30分钟之后重新提交。","【车牌被占用处理方案】

您好，我们核实到您的车牌（车牌号）已于（XX年XX月）办理了（XX发行方）的ETC业务。

请您先拨打全国高速ETC服务热线 95022 办理注销手续，完成后即可重新申办解悠ETC。

【问题已升级处理】

您好，您的问题我们已记录并提交至技术部门进行加急处理。

待回复后我们会第一时间联系您。感谢您的耐心等待。

【系统延时处理建议】

您好，此报错需要系统数据同步完成后方可处理。

建议您等待30分钟后重新尝试操作，若仍出现报错请及时联系我们为您进一步排查。",路网（网路智联→解悠数科货车ETC售后沟通）,"=DISPIMG(""ID_BEE9B71B179A4317A2DD2C46B1B42E36"",1)",,
售前业务,新办实名报错,39,金融机构签约提示“出错”,点击左上角返回上一步再重新进入签约。,您好，为确保签约信息准确同步，请您返回上一步界面，先刷新页面，然后重新提交进行签约。,/,,,
售前业务,新办实名报错,40,报错提示“该OBU主机厂关联的金融机构与当前车辆绑定的金融机构不符，无法二次激发”,"1.原因：该客户在其它发行方已经做过设备预检且未取消，又在解悠办理，需要取消其它家的订单。
2.处理办法：查询车牌后台申办记录进行到哪一步，需要“通行宝”→资格查询，查询车牌占用状态。
2.1若查询为“北京统一平台前”占用，需反馈路网释放车牌，再让客户重新办理；
2.2若无车牌占用需要流转工单至【客服组长】处理。","【车牌占用处理方案】

您好，我们核实到您的车牌（车牌号）已于（XX年XX月）办理了（XX发行方）的ETC业务。

请您先联系该发行方办理解除占用，完成后即可重新申办解悠ETC。

【问题升级与进度保障】

您好，此报错已为您加急反馈至技术部门处理，需要为您取消当前订单。
待回复后我们会立即通知您。感谢您的耐心等待。","1.工单类型【9901划扣问题】
2.路网（网路智联→解悠数科货车ETC售后沟通）",,,
售前业务,新办实名报错,41,报错提示“该车牌已办理ETC不能再次办理”,“通行宝”→资格查询，查询车牌占用状态。,"您好，我们核实到您的车牌已于 [XXXX年XX月] 办理了 [XX发行方] 的ETC业务。

请您先拨打全国高速ETC服务热线 95022 办理注销手续，注销成功后，即可重新申办解悠ETC。",/,,,
售前业务,新办实名报错,42,报错提示“货车必填字段不存在、货车必传字段不存在”,让用户核实该页面的车轴数是否填写。,"您好，经查询，此报错是由于您未完整填写车轴数及车辆外形尺寸等信息。

请您返回上一页面，核实并补充完整所有信息后，再次点击提交。",/,"=DISPIMG(""ID_2AD47D0F11AB4635961CED10E1C85B09"",1)",,
售前业务,新办实名报错,43,报错提示“车牌信息与录入的不一致”/识别不出/识别有误,"原因：受手机机型/光线/拍照角度/证件本字迹是否模糊等因素影响，
处理方法：让客户通过手机自带相机拍照后上传提交。","您好，为确保信息准确识别，建议您使用手机自带相机拍摄清晰图片进行上传。

如操作后仍有报错，请及时联系解悠客服，我们将第一时间为您排查处理。",/,,,
售前业务,新办实名报错,44,绑定银行卡提示“@@账户@@记录不存在”,"让用户检查填写的银行卡号或身份信息。
（银行绑卡失败会提示，触发银行四要素校验，需要联系银行处理）","您好，此报错信息是由银行系统返回的。

建议您先尝试更换您本人名下的其他银行卡进行操作。若问题依旧，需要您联系发卡银行核实账户状态或交易限制的具体原因。",/,"=DISPIMG(""ID_D2278DFA308846E5AB3BFA60AA9CC268"",1)",,
售前业务,新办实名报错,45,绑定银行卡界面收不到验证码,该报错是银行返回的，需要客户联系银行方核实确认如何解决，建议客户先更换本人名下其他银行卡尝试操作,"您好，此报错信息是由银行系统返回的。

建议您先尝试更换您本人名下的其他银行卡进行操作。若问题依旧，需要您联系发卡银行核实账户状态或交易限制的具体原因。",/,,,
售前业务,新办实名报错,46,绑定银行卡提示“客户账户记录不存在”,该报错需要客户核实输入的银行卡号是否正确。,"您好，此报错可能是银行卡号输入有误导致的。

请您仔细核对卡号是否准确无误，修改后重新尝试操作。",/,,,
售前业务,新办实名报错,47,绑定银行卡提示“手机号不匹配，请检查上送的手机号，xxx””,让用户核实银行手机预留号与填写的是否一致。,"【初步诊断与询问】
您好，请您核实一下，您填写的手机号是否与银行预留的手机号完全一致？

【根据核实结果提供解决方案】
情况一：手机号不一致

您好，此报错是由于您填写的手机号与银行预留号码不一致导致的。

请您填写您在银行端预留的正确手机号后，即可继续操作。

情况二：手机号一致

您好，此报错信息是由银行系统直接返回的。

建议您先尝试更换本人名下的其他银行卡进行操作。若问题依旧，需要您联系发卡银行，核实您的账户状态或交易限制的具体原因。",/,,,
售前业务,新办实名报错,48,绑定银行卡提示“请先前往货车新办完善信息(上传身份证照片)”,需要客户前往解悠小程序重置实名成功后再继续操作绑定银行卡。,"您好，此报错需要您先完成实名认证核验。

请您按以下路径操作：

进入 “解悠货车服务” 小程序

点击底部 【我的】

选择 【实名认证】 → 【重置实名】 → 【立即认证】

认证成功后，即可继续绑定银行卡。",/,,,
售前业务,新办实名报错,49,绑定银行卡提示“风控审核不通过”,绑定银行卡提示该报错，可以让客户尝试其它银行卡绑定，若更换绑定还是相同报错，则是客户被风控，无法绑定银行卡。,"您好，此报错建议您先更换名下其他解悠支持的银行卡尝试绑定。

若更换后仍出现相同报错，则说明您的账户信息可能触发了银行风控系统，暂时无法绑定银行卡。",/,,,
售前业务,新办实名报错,50,"宝付渠道绑定银行卡提示“该银行已经完成绑卡,无法再进行绑卡”","1.登录后台查询
客服登录 9901系统，进入“客户列表”，根据客户提供的车牌号或办理手机号查询到对应客户信息。

2.重新验证银行绑定
在客户详情页中，找到并点击 “验证银行绑定” 功能按钮。重新填写相关信息：
① 绑卡人姓名（需与银行卡开户名一致）
② 银行卡号
③ 银行预留手机号
填写完毕后点击 提交。

3.同步客户重试
①提交成功后，告知客户 等待5分钟 后重新尝试绑卡操作。
②若5分钟后仍报错，引导客户提供报错截图，创建工单反馈技术核实。

4.注意事项
①确保填写的信息与客户银行卡信息完全一致（姓名、卡号、预留手机号）。
②若客户反馈信息有误，引导客户确认银行卡状态及预留手机号是否正确。","您好，您遇到的此问题，需要后台帮您重置验证信息，请您稍等。

您的问题已帮您核实处理，请您过5分钟后重新尝试操作。如果5分钟后仍然报错，请您提供报错截图，我会为您反馈技术进一步核实。感谢您的配合！",工单类型【9901划扣问题】,,,
售前业务,新办实名报错,51,绑定银行卡提示“支付渠道异常，请联系客服”,收集报错截图、客户信息（姓名、手机号、车牌号）流转工单至【客服组长】处理。,"您好，您遇到的报错我们已详细记录，并提交至技术部门进行核查。

待有回复我们会第一时间告知您。感谢您的耐心等待。",工单类型【9901划扣问题】,,,
售前业务,新办实名报错,52,解黑提示“该签约协议号已在状态名单中，请勿重复下黑”,"1.排查：收集客户信息（车牌号或办理手机号）发送至客服组长处查询状态名单。
2.处理方案：将客户查询的状态名单是否正常、报错截图、客户信息流转工单至【客服组长】处理。","您好，您遇到的报错我们已详细记录，并提交至技术部门进行核查。

待有回复我们会第一时间告知您。感谢您的耐心等待。",工单类型【9901划扣问题】,,,
售前业务,新办实名报错,53,报错提示“车户不一致”或“请检查表单信息，修改后重新提交”,"根据行驶证所有人信息：
1.个人户选择“个人”上传，公司户名选择“企业”。
2.若车户不一致为“个户”，行驶证所有人改为办理人的姓名即可；
3.办理过程中注意核载人数，车牌颜色，以及车轴数量；
4.如上传信息不一致，可以点击左下角手动修改。确认后再提交车辆信息；
注：如若客户信息一致，需要收集客户信息（手机号、身份证照片）反馈客服组长查询路网开户信息并核实。","您好，“车户不一致”报错通常由以下原因导致，请您根据行驶证所有人信息进行核对与修改：

【账户类型选择错误】

行驶证所有人为个人姓名，请选择 【个人】。

行驶证所有人为公司名称，请选择 【企业】。

【个人信息不匹配】

若为个人户，请确保填写的办理人姓名与行驶证上的“所有人”姓名完全一致。

【基础信息填写错误】

请仔细核对并确保核载人数、车牌颜色、车轴数量等与行驶证记录一致。

【修改通道】

如信息有误，可点击页面左下角的手动修改按钮进行修正，确认无误后再次提交。

请您按以上步骤排查后重试。",/,"=DISPIMG(""ID_BC4312EC1B3043DEAB7C266C204B91DD"",1)",,
售前业务,新办实名报错,54,新办过程中“出错”,移除小程序重新搜索进入，如果无法解决，流转工单至【客服组长】处理。,"您好，此报错可能是由于小程序缓存异常导致。

请您先彻底关闭并移除“解悠货车服务”小程序，然后重新搜索进入即可恢复正常操作。

若办理过程中仍有任何报错，请及时联系解悠客服，我们将第一时间为您排查处理。",工单类型【9901划扣问题】,,,
售前业务,新办实名报错,55,新办提示：当前车牌已在其他发行方办理，请勿重复办理,"1.系统核实订单
客服登录 9901 系统，进入“订单管理”模块，根据客户办理车牌号或手机号查询是否存在订单记录。

2.情况一：存在订单
协助客户取消该订单，取消后引导客户重新尝试办理。

3.情况二：不存在订单

3.1收集客户信息：车牌号、办理人姓名、联系电话、报错页面完整截图

3.2创建 CRM 工单，反馈至技术部门核实处理。

3.3待技术团队返回处理结果后，由客服联系客户，告知结果并引导其重新尝试办理。","【核实订单】

您好，我需要先帮您核实一下系统中的订单情况，请您稍等。

【根据核实结果提供解决方案】

情况一：查到有订单
经查询，您的车牌下已有一个办理订单，现需要我帮您取消这个订单，取消后，您再尝试操作。

已为您成功取消。建议您等待10-20分钟后再重新提交新办申请。
注意：如客服无法操作取消时，需转技术处理取消订单。

情况二：未查到订单
系统里没有查到您的订单。我需要帮将此情况反馈至技术核实处理，麻烦您提供：车牌号、姓名、联系电话，以及报错页面的截图。预计处理完成后会第一时间联系您，届时您再重新尝试办理。感谢您的配合！",,,,
售前业务,新办实名报错,56,新办提示“未获取车辆用户信息，不允许办理”,客服前往9901系统【订单管理】操作取消订单,"您好，此报错需要我处为您取消订单，取消成功后您重新申请即可。

我现在为您申请取消，取消过程需要您接收短信验证码。请问您现在方便接收吗？",/,,,
售前业务,激活进度条报错,1,"新办激活30%,执行指令通道正在写入",移除小程序重新搜索进入小程序,"您好，为确保激活流程顺利进行，请按以下步骤操作：

1.移除当前打开的“解悠货车服务”小程序

2.在微信中重新搜索该小程序

3.再次进入并完成激活操作

如有问题可随时联系解悠客服为您跟进处理。",/,,,
售前业务,激活进度条报错,2,新办激活45%，执行指令通道正在写入,"后台车辆尺寸信息填错，只能取消订单重新货车新办
注：若核实尺寸信息正确，需要流转工单至【客服组长】处理。","【车辆信息修正指引】

您好，我们核实到您填写的车辆尺寸信息有误。为了确保后续通行顺畅，需要请您取消当前订单后，参照行驶证信息重新填写并提交办理。

【问题升级处理通知】

您好，您反馈的报错我们已提交技术部门紧急处理。我们将持续跟进进展，并在收到回复后第一时间联系您，感谢您的耐心配合。",工单类型【9901划扣问题】,"=DISPIMG(""ID_5F828D183C494BC0B055149A446E68A1"",1)",,
售前业务,激活进度条报错,3,新办激活45%，请求失败，请重新发起obu二次发行,,,,,,
售前业务,激活进度条报错,4,新办激活45%，提示“6983”,"1.更换一套新设备进行激活；
2.若还是无法激活，提供相关截图、车牌号流转工单至【客服组长】处理。","情况一：【需更换新设备】

您好，根据报错提示，建议您更换一套新的ETC设备重新尝试激活。

若更换后仍有问题，请及时联系解悠客服，我们将为您进一步排查处理。

情况二：【需提交技术核查】

您好，请您提供报错界面截图及车牌号，我们将立即提交技术部门进行核查。

待有回复我们会第一时间告知您，感谢您的耐心等待与配合。",工单类型【9901划扣问题】,"=DISPIMG(""ID_226ABB8209714289A27D1975819AEA5B"",1)",,
售前业务,激活进度条报错,5,新办激活50%，提示“请求失败 此卡已二次发行”,"1.核实设备号卡号后4位/后1位是否一致；                     2.更换一套设备尝试激活；
3.将车牌号发送给客服组长查询是否新办激活成功，及激活的设备号/卡号。","【初步诊断与询问】

您好，请您核实设备背面刻印的设备号，与卡片正面的卡号后4位（或后1位） 是否一致？

【根据核实结果提供解决方案】

情况一：设备号与卡号一致

您好，经核实，此报错需要您更换一套新的ETC设备进行操作激活。

请您将当前这套设备进行回收处理，我们会为您安排新设备的申领流程。

情况二：设备号与卡号不一致

您好，由于您的设备号与卡片尾号不匹配，导致无法激活。

ETC设备与卡片为一一配套绑定，请您使用原配的卡片与设备重新尝试激活操作。

情况三：车牌已激活成功

您好！经查询，您的车牌已于 [XXXX年XX月XX日] 成功激活。

激活成功的设备号为：[具体设备号]
对应的卡片尾号为：[卡片尾号]

请您将该设备牢固安装于前挡风玻璃上，并操作二次激活。激活成功后，即可正常通行使用。",/,,,
售前业务,激活进度条报错,6,新办激活50%、55%失败，写卡检查,,,,,,
售前业务,激活进度条报错,7,新办激活进度条提示“请求失败 请重新发起obu二次发行”,将客户信息收集流转工单至【客服组长】处理。,"您好，您反馈的报错问题我们已加急提交至技术部门核查。

我们会在收到回复后的第一时间主动联系您，请您耐心等待。",工单类型【9901划扣问题】,,,
售前业务,激活进度条报错,8,新办进度条20%提示“请求失败 proListNo必填”,"原因：1.订单超过7天；2.在中国ETC激活成功；3.已注销设备再次激活、核实设备号卡号后四位或后一位是否一致。
（1、3步骤需要客户收集信息（车牌号、设备号）通过后台“订单管理”、“设备入库”排查；步骤2需要通过询问客户或将车牌号。）
处理方案：
1.后台“订单管理”查询订单超过7天：在解悠小程序重新创建订单(即申办ETC)；
2.在中国ETC激活成功的，直接使用即可；
3.已注销设备再次激活：更换设备；
4.更换一套设备进行激活。
注：以上步骤均不可操作，则反馈路网释放车牌，再让客户重新办理。
①将客户姓名、手机号、车牌号及颜色反馈至路网群解绑释放；
②解绑邮件涉及邮箱：etc_xuanzhuang@163.com
模板：贾xx，134xxxx0045，晋J12345F，黄绿牌，解绑原因：解绑重新办理。","【订单超时处理】

您好，由于您创建的订单已超过7天有效期，系统已自动取消。

请您进入“解悠货车服务”小程序，点击【首页】→【申办ETC】即可重新办理。

【设备激活指引】

您好！系统显示您的车牌已于（XX月XX日）成功激活。

激活信息
设备号：（具体设备号）
卡片号：（卡片尾号）

请将设备牢固安装于前挡风玻璃，完成二次激活后即可正常使用。

【设备更换通知】

您好，经查询您提供的设备号为二次发行设备，无法重复使用。

请您更换一套全新的ETC设备来完成激活流程。

【问题升级告知】

您好，您的问题我们已提交技术部门加急处理。

我们会在收到回复后的第一时间主动联系您，请您耐心等待。",路网（网路智联→解悠数科货车ETC售后沟通）,,,
售前业务,激活进度条报错,9,新办激活10%-15%失败，预检失败,"1.核实设备号卡号后4位/后1位是否一致；
2.更换一套设备尝试激活；                                           
3.解悠小程序重置实名后再操作。","【初步诊断与询问】

您好，请您核对设备背面刻印的设备号与卡片正面的卡号后4位（或后1位） 是否一致？

【根据核实结果提供解决方案】
 情况一：设备号与卡号一致

您好，此情况需要您更换一套新的ETC设备进行激活操作。

当前这套设备请进行回收处理，感谢您的配合。

情况二：设备号与卡号不一致

您好，由于设备号与卡片尾号不匹配导致无法激活。

ETC设备与卡片为配套使用，请您使用原配的卡片与设备重新尝试激活。

【实名认证更新指引】

同时，请您按以下路径更新认证信息：

进入""解悠货车服务""小程序

点击【我的】→【实名认证】→【重置实名】→【立即认证】

完成认证后即可继续办理",/,,,
售前业务,激活进度条报错,10,新办激活15%提示“获取系统信息失败：9303”,更换一套设备尝试激活。,"您好，根据报错提示，您需要更换一套新的ETC设备来完成激活。

我处需对您当前这套设备进行回收处理，感谢您的配合。",/,,,
售前业务,激活进度条报错,11,"新办激活时提示10010（激活进度0）、二次激活提示打开OBU失败，10020执行失败。
","方法一.检查蓝牙
1.需检查设备、手机是否都打开蓝牙；
2.手机设置微信定位权限打开（手机设置—权限—微信—定位权限改成始终允许）；
3.周围是否有其他蓝牙设备，如耳机、手机、ETC设备，包括车上的，车载蓝牙等，需先全部关闭。
方法二.删除小程序，微信升级到最新版，再尝试。
方法三.建议更换手机尝试。","方法一：【检查蓝牙与定位权限】

开启蓝牙：请确保您的手机蓝牙与ETC设备蓝牙均已打开。

授权定位：请在手机系统设置中，将微信的定位权限设置为 “始终允许”。

排除干扰：请暂时关闭周围其他的蓝牙设备（如耳机、其他手机、车载蓝牙等）。

方法二：【更新微信与小程序】

请将微信升级到最新版本。

移除当前的小程序后，重新搜索进入再试。

方法三：【更换手机尝试】
如果上述方法均无效，建议您更换一部手机尝试激活，以判断是否为手机兼容性问题。",/,,,
售前业务,激活进度条报错,12,新办激活进度条10%，报错提示：车辆为货车，但卡签不是货车套装卡签,"此报错是由于客户选择的产品跟设备不匹配导致的，例如：选择的9901产品，但到激活步骤用1101（速通）的设备去操作激活。

处理流程：可通过【9901后台-订单管理】判断发行方。","【说明问题】
您好，您当前遇到的激活报错，是因为选择的产品与使用的设备不匹配导致的。例如：您选择了9901产品，但激活时用了1101产品设备，系统就会提示报错。

【给出解决方案】
我这边需要先帮您取消当前订单，取消后，您重新选择对应发行方的产品进行办理即可。请问需要我现在帮您取消订单吗？

【客户确认取消后，告知后续操作】
好的，已为您取消订单。请您等待10分钟左右重新选择对应的产品办理即可。",,,,
售前业务,激活进度条报错,13,"点击设备激活后，显示“搜索蓝牙设备成功”，且进度条为0。

搜索蓝牙设备失败:10002扫描超时（进度条为0）。",在进度条界面重新打开ETC设备蓝牙（连续快速插拔卡两次，设备蓝牙打开）后，再点击重新搜索，点击连接后即可。,"您好，请按以下步骤开启设备蓝牙并完成连接：

1.开启蓝牙：在当前界面，请您连续、快速地插拔ETC卡片两次，当设备屏幕显示“蓝牙已打开”时，即表示成功开启。

2.搜索连接：然后，请您先点击 【重新搜索】 ，在设备列表中找到您的设备后，再点击 【连接】。

3.完成激活：连接成功后，即可继续完成激活流程。",/,"=DISPIMG(""ID_4E7AE5EE698A48F39BE917B3D3F75BDA"",1)",,
售前业务,激活进度条报错,1,线上自主办理时实名信息是[张三]，若在[张三]收到设备后，想用[李四]信息进行办理，或线上自主办理时填写的车牌是[A]，若客户收到设备后实际需要办理的是车牌[B],"1.首先取消[张三]的订单（押金按照流程申请退回）；
2.其次用[李四]的办理手机号前往解悠小程重新申请新的自主办理订单（需交押金）；
3.最后确认新订单支付押金后，再反馈9901技术关联之前设备的订单即可（无需再发设备）。
注：若客户不认可此方案，需要退货，邮费需要客户进行承担。","您好，若您需要更换办理人，请按以下流程操作：

第一步：【取消原订单并申请退费】

首先需要为您取消原订单。

然后，请您提供带有订单编号的押金支付截图。

我们将据此为您申请退款，押金预计在【5-7个工作日】内原路退回。

第二步：【重新提交新订单】

待原订单取消后，请使用新申请人的办理手机号登录。

进入 “解悠货车服务”小程序，重新申请设备并支付押金。

支付成功后，请务必反馈给我们，我们将为您提交至相关部门进行后续处理。",工单类型【9901划扣问题】,,,
售前业务,激活进度条报错,2,线上自主办理押金/设备费158元/买断费299元、买断费399元已支付，客户申请取消订单的注意事项（取消订单只限于未激活成功的车辆）,"1.确认设备退回情况

①核实客户是否已将ETC设备（含ETC卡）寄回我司。

②若尚未退回，告知客户需先寄回设备，收到后再办理取消。

2.核对运费

①依据“旧设备回收表”查询该笔订单对应的运费金额。

②运费由客户承担，从押金/设备费中扣除。

3.计算退款金额

①退款金额 = 客户原支付金额（押金/设备费或买断费）－ 运费。

②买断费产品若已激活则不支持取消，此处仅适用于未激活车辆。

4.操作取消订单

①在后台系统中为客户操作取消订单。

②退款金额按上述计算结果填写。

5.提交退款工单

创建工单至支持岗，附上：

①客户信息（姓名、车牌号、手机号）

②原支付订单截图（含订单编号）

③产品后台【业务运营-审批管理】中该条审批流截图

④旧设备回收表中运费标注截图

⑤退款金额计算说明

6.特殊场景处理

若客户明确表示继续办理（不取消）或要求立即取消（未退回设备）：

①客服需先与支持岗口头确认该订单的运费金额。

②同样按「押金 - 运费」计算退款金额。

②客户同意后，在未收到设备的情况下可操作取消，但务必在工单中备注“客户同意运费扣减，设备未退回”。

7.退款到账时间

告知客户退款将在5-7个工作日内原路退回。","第一步：确认设备退回情况

（设备未退回）：

您好，关于您申请取消订单并退款的事宜，目前需要您先将ETC设备（含ETC卡）寄回我司。我们收到设备后，才能为您办理订单取消和退款。退款时需扣除您的设备寄回运费，剩余款项会在订单取消后 5-7个工作日 内原路退回。

（设备已退回）：

您好，您的设备退回信息已收到。现在为您办理订单取消和退款。

第二步：核对运费并计算退款金额

（告知扣费及退款金额）：

根据规定，退款金额需扣除您寄回设备的运费。经核实，您的原支付金额为【XX】元，运费为【XX】元，实际退款金额为【XX】元。您确认无误后，我为您操作取消订单。

第三步：操作取消订单并提交工单

好的，我已为您操作取消订单。退款将在 5-7个工作日 内原路退回您的支付账户。请您耐心等待。

第四步：特殊场景处理（客户要求立即取消，设备未退回）

您好，如果您需要立即取消订单（设备未退回），我们需要先与相关专员确认核实。确认后，退款同样按「押金 - 运费」计算，您同意后我们可为您操作取消。
（确认后）
经确认，运费为【XX】元，退款金额为【XX】元。请问您是否同意按此金额退款？
（客户同意后）
好的，我已为您操作取消。退款将在5-7个工作日内原路退回。","工单类型：退款申请→支持岗
模板：姓名、联系方式、车牌号，申请设备费/押金xxx元，烦请登记。",,,
售前业务,激活进度条报错,3,线上自主办理押金/设备费158元已支付，在激活进度条有报错，无法新办激活,"在订单管理→操作→点击重新激活。
注：已完成支付的订单若有相关报错，禁止点击取消订单。",/,/,,,
售前业务,取消订单,4,未激活成功前，为客户本人/代理需要取消订单，可提供验证码,"可直接联系客服后台取消订单
1.订单创建时效小于30分钟：15分钟重新办理；
2.订单创建时效大于30分钟：5分钟重新办理；
3.等待激活设备：10至20分钟可重新办理。
注：等待激活设备若需要取消订单，务必将客户信息发给客服组长进行查询激活状态后再操作，以防客户前往中国ETC小程序操作激活。","【操作前风险确认】

您好，我们将从后台为您取消此订单。为避免影响您后续办理，请务必暂停任何激活操作。若订单激活后被强制取消，将可能导致您短期内无法新办，从而耽误使用。

请问您确认需要现在取消吗？

【执行取消操作】

请您提供收到的短信验证码，我们将立即为您在后台操作取消。

【取消成功后指引】（根据订单状态）

订单创建 < 30分钟

已为您成功取消。请您等待15分钟后重新提交新办申请。

订单创建 > 30分钟

已为您成功取消。请您等待5分钟后即可重新提交新办申请。

订单处于待激活状态

已为您成功取消。建议您等待10-20分钟后再重新提交新办申请，以确保系统数据同步完成。",/,,,
售前业务,取消订单,5,后台取消订单提示“车辆不存在”、签约银行卡绑定车户信息提交提示“车辆不存在”,"1.让客户尝试重新货车新办。
2.若重新办理还是不行，流转工单至【客服组长】处理。","情况一：【引导客户重试并承诺支持】

您好，此报错需要您重新提交新办申请。

若在办理过程中再次遇到任何报错，请及时反馈给解悠客服，我们将立即为您排查处理。

情况二：【问题已升级处理】

您好，您遇到的情况较为特殊，我们已为您加急反馈至技术部门进行处理。

我们会在收到回复后的第一时间主动联系您，请您耐心等待。",工单类型【9901划扣问题】,,,
售前业务,取消订单,6,取消订单时出现报错,"反馈至网路智联群进行操作，核实状态未激活并释放该车牌。
注：若需要补邮件，模板如下：
①将客户姓名、手机号、车牌号及颜色反馈至路网群解绑释放；
②解绑邮件涉及邮箱：etc_xuanzhuang@163.com
模板：贾xx，134xxxx0045，晋J12345F，黄绿牌，解绑原因：解绑重新办理。","【风险确认】

您好，我们即将从后台为您取消订单。需要特别提醒您：取消期间请勿进行设备激活操作，若激活后强制取消，可能导致您短期内无法办理新设备，从而影响您的正常使用。
请您确认是否继续执行取消订单？

【进度同步】

订单已成功取消！请您等待10-20分钟系统数据同步后，重新尝试办理。
温馨提示：重新办理时如遇问题，可随时联系客服获得支持。",/,,,
售前业务,取消订单,7,订单手机号非客户本人，无法提供验证码,订单手机号非客户本人：提供保单、绿本、行驶证三选二，客服反馈路网取消订单，取消后再重新办理。,"【请求补充材料】

您好，请您从保单、车辆登记证（绿本）、行驶证中，任选其中两项材料提供给我们，以便后续流程的推进。

【问题已处理并引导后续操作】

您好，您的问题已提交至相关部门处理完成。

请您等待10至20分钟后重新尝试办理即可。",/,,,
售前业务,取消订单,8,代理咨询，既无法提供相关证件，也无法提供验证码,客服直接对客回访，回访后登记工单给组长报备即可。若客户不方便接电话，可让客户联系在线客服，提供保单、绿本、行驶证三选二（无需组长回复，只报备此情况，便于组长统计数量）,"【对代理的即时指引】

您好，请您提供您的代理工号，并同步告知客户：为保障业务安全，稍后将有专员进行电话回访确认，请其保持电话畅通。

【客户回访标准话术】

开场与确认：

您好，这里是解悠ETC服务中心。我们看到您正在申请办理ETC业务，现需要与您核对几条信息以确保为您正常服务，请问您现在方便接听电话吗？

请问您是车牌号 [XXXXX] 的车主本人吗？

请问您是否出于本人真实意愿申请办理解悠ETC业务？

请问为您现场办理的工作人员工号是多少？

结束与指引：

好的，信息已为您核对完毕并提交处理。请您在【10至20分钟】后重新尝试提交申请即可。

备选方案（如客户不愿电话核实）：

您好，如果您不便电话核实，也可以通过微信搜索 “解悠货车服务”小程序，点击首页右下角 【人工客服】 ，提供 保单、车辆登记证（绿本）、行驶证（三选二） 给我们。客服核实无误后，后台将为您解除车牌占用状态。",/,,,
售前业务,取消订单,9,客户新办订单超时（>7天），系统自动取消，客户申请退还押金,"退费（押金）工单处理流程（涉及超期订单）：

1.发起与流转：客服端创建退费工单，注明“由于新办订单超期，系统自动取消订单导致我处无法获取相关退款截图，烦请技术老师生成退款审批流并将截图附在工单上返回至我处”后，流转至技术端。
2.审批与反馈（技术端职责）：技术端负责生成退款审批流，并将生成的退款截图作为附件直接上传至该工单，随后将工单回退至客服端。
3.特殊情况处理（截图获取）：若因技术端无法即时获取截图或客户紧急需求，客服端可协调具备权限的客服总监岗查询并补充截图。",您好，您反馈的此情况，经核实，您之前创建的订单时效超过7天，我处目前无法获取相关信息，针对此情况，我处帮您反馈技术端协助处理，处理后您的退款将在5-7个工作日内返回至原支付账户，届时请您注意查收。,,,,
售后业务,发票类,1,怎么开票？,需要主动询问客户是开通行费发票及服务费发票。,您好，请问您是需要开具ETC通行费发票还是解悠服务费发票呢？不同发票的开具渠道有所不同，我可以为您提供具体的操作指引,/,,,
售后业务,发票类,2,ETC过路费开票怎么开？,通过解悠小程序首页→开发票跳转绑定申请开出。,"您好，请您按以下步骤绑定ETC卡并申请开票：

微信搜索并进入 “解悠货车服务” 小程序。

点击首页的 【开发票】 按钮。

系统将自动跳转至 “e路畅行票根” 平台，请允许此操作。

在票根平台，点击选择ETC卡片。

在绑定卡片时，请按以下信息填写：

发行方：请选择 “北京”

卡种：请选择 “个人卡”

（如需开具公司发票，可在此步骤添加公司抬头）

绑定成功后，返回页面点击 【我要开票】 即可完成申请。

",/,,,
售后业务,发票类,3,通行费发票能开专票吗？,通行费发票是统一普票开出。,"您好，关于通行费普票与专票的具体开具事宜，均由全国高速官方平台 “e路畅行票根” 小程序统一处理。

请您直接咨询【e路畅行票根】小程序的在线客服，或拨打全国高速客服热线 95022，他们将为您提供最专业的解答。",/,,,
售后业务,发票类,4,为什么昨天的通行，票根没有显示？,/,"【关于通行记录同步的说明】

【同步时效】：您的通行记录通常在通行后7天内同步至“票根”系统，请您在此时间范围内耐心等待。

【常见现象】：在此期间，可能出现以下情况，均属正常现象：

1.后通行的记录先显示，而先通行的记录未显示。

2.往返行程只显示了单程。

3.同时通行的记录，部分已显示，部分未显示。

原因说明：由于全国高速公路网络庞大，各省市路段的数据处理和传输至中央系统存在时间差，导致记录同步有先后。

温馨提示：只要未超过7天，请您无需担心，耐心等待数据同步完成即可。",/,,,
售后业务,发票类,5,票根开票报错提示“XXX等1张卡已在大客户端被绑定!”,/,"第一步：先确认是否已开通“大客户开票”
您目前无法直接绑定开票，通常是因为您的ETC卡已在公司大客户端（而非个人票根端）开通了开票功能。

请您先与以下人员核实一下：

公司的ETC车辆管理员。

ETC预留手机号的实际使用人。

第二步：根据核实结果进行处理
情况一：确认已开通大客户开票
如果确认已经开通，需要由公司的ETC卡管理人员操作以下步骤：

登录公司的大客户开票平台。

找到对应的车辆卡片，进行 “解绑”或“移除” 操作。

解绑成功后，您再登录个人“票根”APP或小程序，即可正常绑定卡片进行开票。

情况二：未开通，但手机号非本人
如果您核实后确认未开通大客户功能，只是因ETC预留手机号不是您本人的导致无法授权：

这种情况下，您需要联系ETC预留手机号本人，请其协助完成短信验证授权即可。",/,,,
售后业务,发票类,6,解悠服务费、通道费、周卡卡费违约金(包括新车主代办注销并代缴违约金)等发票怎么开?,"说明：
1.发送开票申请的起止时间；
2.开具电子普/专票，税率为6%服务费；（6%的税率由我司承担）
3.电子票，采集邮箱。
开票规则：
1.申请开票为每个月的1日至10日（支持岗操作）；  
2.开票期间为往期未开票至上月底，开票需整月申请；                     
3.当月申请开票，次月20日前统一开出；    
注：服务费发票以后台支付时间进行导出计算金额。
【特殊说明】新车主代缴违约金申请开服务费发票，填写新车主本人信息，【备注】中描述“此车为本人购买的二手车，现已支付违约金，特此开票”即可。","【服务费发票申请指南】

开票规则说明：

1.开票依据：服务费发票根据您的账单支付时间进行核算。

2.申请周期：请按月申请（例如：1月1日 - 1月31日）。

3.开票时间：我们将在次月20日前统一开具并发出。

申请流程：

1.请您扫描下方二维码，进入开票申请页面。

2.准确填写办理人相关信息并提交。

3.发票最晚将于次月20日前开具，并发送至您预留的电子邮箱，请注意查收。

温馨提示：您在当月（例如7月）提交申请，我们将为您合并开具该月所有服务费发票，并一次性发送至您的邮箱。",/,"=DISPIMG(""ID_DD17FD1B74F54D04AC041C76B83A3174"",1)",,
售后业务,发票类,7,服务费发票的项目名称注意事项,解悠服务费发票开出的项目名称是[软件开发服务*信息技术服务*服务费],/,/,,,
售后业务,钱包类,1,解悠钱包扣款时间规则,绑定宝付渠道客户，使用解悠钱包优先扣款，会增加1次实时扣费。,"您好，为您说明解悠钱包的扣款规则：

1.扣款顺序：系统会【优先从解悠钱包余额中划扣】；当钱包余额不足时，才会从您绑定的银行卡进行划扣。

2.扣款时间：经查询，您绑定的银行卡渠道为[XX银行]，具体的划扣时间为[XXXX]，钱包与银行卡的划扣时间保持一致。",/,,,
售后业务,钱包类,2,申请解悠钱包报错“影像识别异常/个人影像识别异常”,收集客户清晰完整身份证正反面照片，将客户信息（姓名、手机号、车牌号）及身份证照片流转工单至【客服组长】处理。,"【方案一】
您好，您遇到的问题是由于前期上传的身份证照片清晰度不足，无法准确识别。请您按以下步骤重新上传:
打开微信，进入“解悠货车服务”小程序;
点击右下角【个人中心】;
选择【证件更新】，重新上传清晰的身份证正反面照片;
上传成功后，即可再次尝试开通解悠钱包。
如按上述步骤操作后仍无法完成，请您保存好相关提示截图或操作视频，并及时反馈给我们，我们将协助转交技术部门进一步核查。
温馨提示:请务必上传清晰、完整的身份证照片，避免反光或遮挡，以确保流程顺利通过。

【方案二】
您好，请您提供清晰、完整的身份证正反面照片，我们需要将此信息提交至相关部门进行核查处理。
如有结果后，我们会第一时间主动告知您，感谢您的耐心等待与配合。",工单类型【9901划扣问题】,,,
售后业务,钱包类,3,绑定微信渠道可以开通解悠钱包吗？,微信渠道可以开通解悠钱包，但只支持用办理人名下的储蓄卡/或申请公户充值进解悠钱包进行划扣。,"【关于解悠钱包开通与充值的说明】

开通渠道：解悠钱包支持通过微信渠道申请开通。

充值规则：开通后，钱包【不支持使用信用卡进行充值】。您只能使用【办理人本人名下的储蓄卡】进行转账充值，充值后的余额将用于自动划扣ETC通行账单。",/,,,
售后业务,钱包类,4,私户解悠钱包如何开通,"1.必须开通解悠钱包优先扣款功能；
2.后台绑定的银行卡不能解绑。
","【解悠钱包开通、充值与设置全指南】

第一步：开通与充值

1.进入 “解悠货车服务” 小程序，点击 【我的】 → 【解悠钱包】。

2.按提示绑定一张您【本人名下的银行卡】。

3.点击 【充值】 ，系统会为您生成一个专属的充值账户信息。

4.请您使用已绑定的银行卡，向该“充值账户”进行转账操作。

5.转账成功后，系统会自动确认并更新您的解悠钱包余额。

第二步：设置优先扣款（关键步骤）

充值到账后，请务必返回钱包的 【充值】页面，手动开启 “优先扣款” 功能。若未设置，系统将无法从钱包余额中划扣ETC账单。

重要提示：充值操作必须由【办理人本人名下的银行卡】向系统提供的“充值账户”转账，否则无法成功到账。",/,,,
售后业务,钱包类,5,客户提问：什么是异名钱包充值？,/,"您需要先为我们系统的解悠钱包开通授权。请填写一份简单的申请表。待专人审核通过后，您的家人便可以将通行费转账至我们指定的对公收款账户（非个人账户）。

温馨提示：充值的余额可用于划扣ETC通行账单，不支持提现。",/,,,
售后业务,钱包类,6,"（个对公）异名钱包开通流程
","1.要先跟客户确认是否开通钱包和开通原因；
2.开通流程及充值流程向客户说明；
3.相关材料发至客户打印并填写；
注：电子版文件、客户账户信息流转工单由支持岗进行审核并联系客户。","【解悠钱包开通指引】

您好，开通解悠钱包请按以下步骤操作：

1.进入 “解悠货车服务” 小程序。

2.点击底部 【我的】 ，进入 【解悠钱包】。

3.首先绑定一张您本人的银行卡用于提现。

4.绑定成功后，返回钱包首页点击 【充值】，即可看到您的苏商银行充值账户。

【文件审核流程指引】

您好，请您按以下流程配合文件审核：

1.准备文件：请将相关文件打印出来，并填写完整所需信息。

2.提交审核：将填写好的文件拍照或扫描，发送给在线客服进行初审。

3.后续处理：客服提交后，我们将在工作日17:00前安排专人与您电话联系，请您保持手机畅通。","工单类型：解悠钱包→流转人（支持岗）
模板：姓名，联系方式，车牌号，客户因银行卡都冻结，需要申请解悠钱包异名充值，烦请联系客户。",,,
售后业务,钱包类,7,（公对公）公户钱包开通流程,收集客户相关信息（姓名、联系方式及解悠激活的任意一个车牌号）反馈至支持岗对接开通。,"【17点前申请（当日处理）】

您好，为您登记开通公户钱包，需要您提供以下信息：

联系人姓名

联系电话

车牌号码

我们收到后将立即为您提交，今日17:00前会有专员与您联系，请您保持电话畅通。

【17点后或节假日申请（次日处理）】

您好，您的公户钱包开通申请已成功提交。

我们将在下一个工作日优先处理，最快于明日17:00前由专员与您联系，请您耐心等待并留意来电。

",/,,,
售后业务,钱包类,8,解悠钱包如何操作提现,"T日充值的金额为在途金额，T日可进行扣款消费但不能提现，T+1日才会变成可提现金额。
注：提现有千1.5的手续费，公户钱包不支持提现。","您好，提现操作路径如下：

1.登录 “解悠货车服务” 小程序。

2.点击底部 【我的】。

3.进入 【解悠钱包】。

4.选择 【提现】 功能并按提示操作即可。

温馨提示：提现业务将收取千分之1.5（0.15%） 的手续费。",/,,,
售后业务,钱包类,9,解悠钱包提现支付密码忘记，如何修改？,解悠小程序→解悠钱包进行操作。,"您好，修改支付密码的路径如下：

1.请登录 “解悠货车服务” 小程序。

2.点击底部 【我的】。

3.进入 【解悠钱包】 页面。

4.在钱包页面中，找到并点击 【支付密码设置】，根据提示即可完成修改。",/,,,
售后业务,钱包类,10,申请解悠钱包提示：不符合风控规则！,原因：是公安黑名单的原因，无法开通解悠钱包,您好，经系统核查，由于您的账户信息关联公安系统黑名单，根据相关规范，暂无法为您开通解悠钱包功能。,/,,,
售后业务,钱包类,11,申请解悠钱包提示：交易超时，身份验证失败，请您稍后重试,/,"您好，此报错是由于您的身份信息（姓名、身份证号、银行卡号、手机号）验证未通过，且短期内申请次数过多所致。

请您本人携带【身份证及银行卡】，前往【银行柜台】核实并更新您的预留信息。信息更新成功后，请于【次日再尝试操作】。",/,"=DISPIMG(""ID_C29EC5C939D148738EC3A1AF8908CAF4"",1)",,
售后业务,钱包类,12,"申请解悠钱包提示：开户异常
",收集客户信息（姓名、手机号、车牌号），及报错页面截图走CRM工单至【客服组长】受理。,"您好，此报错需要您提供车牌号及完整的报错页面截图，以便我们提交至相关部门进行核查。

我们会在收到回复后的第一时间主动告知您，感谢您的耐心等待与配合。",工单类型【9901划扣问题】,,,
售后业务,钱包类,13,申请解悠钱包提示：身份认证失败，请您重新核实姓名、身份证号码与手机,/,"您遇到报错的原因是系统检测到您填写的信息与银行预留信息不一致。为顺利通过验证，请您仔细核对以下四项关键信息是否与您办卡时在银行所留存的完全一致：

姓名

身份证号码

银行卡号

银行预留手机号

如其中任何一项信息不符，系统将无法通过验证。",/,,,
售后业务,钱包类,14,解悠钱包扣款相关功能的优化,"1.对于已开通解悠钱包3个月及以上的客户，钱包优先使用开启但从未有过钱包扣款成功记录的客户，在5月9日之后已批量关闭解悠钱包优先扣款功能。（正常使用钱包的客户未受影响）
2.对于已开通解悠钱包优先扣款的客户，每日进行失败次数统计，单日完全没成功过，日终失败次数会累计加1，累计满15天都未使用过，系统会自动关闭钱包优先使用，再此期间如成功扣款一次会再次开启后，失败的次数会清零重新累计。",/,/,,,
售后业务,车队类,1,开通车队权限流程（5台车及以上）,"客服操作：
1.客服走CRM工单流转至支持岗（王亚龙）开通并发送短信告知客户；
注：默认办理人手机号，初始密码123456；
","【首选方案：委婉说明并提供替代路径】

非常抱歉，由于您查询的车辆信息量较大，为确保数据准确，客服端查询可能需要一些时间。

如果您比较着急，建议您先尝试通过上级渠道进行咨询，他们通常拥有更全面的数据权限，或许能更快地为您提供所需信息。

【备选方案：确认受理并管理预期】
当代理坚持要求查询时，此版本明确受理需求，并清晰地告知后续流程，展现专业负责的态度。

好的，您的需求我们已经清楚并正式受理。

客服人员会尽快为您查询，一旦有结果，我们将通过本渠道第一时间发送给您。请您耐心等待，感谢您的理解与配合。

","工单类型：车队权限→流转人（支持岗）
模板：姓名，联系方式，车牌号，客户名下多车，现申请开通车队权限，烦请开通。
走CRM工单至支持岗。",,,
售后业务,车队类,2,若代理需要查询车辆信息，一次性查询超过10台车及以上,若代理需要查询车辆信息，一次性查询超过10台车及以上,"一、账单自助导出指引（通用话术）
您好，如需导出通行账单，我们可以为您开通下载权限。请您按以下步骤操作：

1.登录 “解悠货车服务” 小程序。

2.进入 【通行账单】 页面。

3.点击 【下载账单】 按钮。

4.选择需要导出的账单起止时间。

5.填写接收账单的电子邮箱。

6.点击 【导出】，稍后请前往您填写的邮箱查收账单文件。

二、人工导出处理（根据不同情况）
1. 情况一：同意办理手机号统一导出

您好，您的账单导出申请已受理。

我们将在今天（当日） 把账单文件发送至您指定的邮箱，请您关注查收。

2. 情况二：名下车辆30台以下（客服单独导出）

您好，您的账单导出需求已收到。

由于您名下车辆较多，导出处理需要一定时间，我们最快将在 1个工作日 内完成并发送至您的邮箱，请您耐心等待。

3. 情况三：名下车辆30台及以上（客服单独导出）

您好，您的账单导出需求已收到。

由于您名下车辆数量较多，数据导出和处理需要更多时间，我们最快将在 3个工作日 内完成并发送至您的邮箱，感谢您的理解与耐心等待。

",/,,,
售后业务,车队类,3,同意办理手机号统一全部导出账单,,,,,,
售后业务,车队类,4,产生通行账单且名下车辆30台以下，需要客服对应车牌单独导出,,,,,,
售后业务,车队类,5,产生通行账单且名下车辆30台及以上，需要客服对应车牌单独导出。,,,,,,
售后业务,车队类,6,若客户要求导出账单，并发送总金额,"1.优先引导客户通过客服导出的账单表格操作拉出总金额；
2.若客户不愿意自主操作，则为客户计算总金额。","情景一：引导客户自行操作

您好，我们已经为您导出了详细的账单表格。您可以直接在表格中使用“求和”功能拉出总金额，这样更方便您核对。如果您在操作中遇到任何问题，我们随时可以协助您处理。

情景二：客户不愿自行操作

您好，理解您希望更省心。我们已根据您的要求，不仅导出了详细账单，并已为您计算好账单总金额，请在附件中查收。",/,,,
售后业务,锁车类,1,"
客户来访主诉关键字：
车启动不了、车子降速了、车子被锁了","
1.客服处理流程：
1.1通过管理后台确认客户是否有逾期欠款未归还
1.2通过锁车表查询确认是否为被锁车辆
2.客服受理解锁流程：
2.1因考虑成本，故多车客户可能只锁一台车，与客户核算还款金额时，需查看客户名下所有欠款并计算注销违约金（注意：请勿按锁车表的金额告知客户还款！！！）
2.2若客户手动还款或存进银行卡等补扣并已结清逾期账单，接待客服需告知客户必须将注销违约金结清，才能走工单解锁。

","一、关于锁车规则的咨询

非常抱歉，关于车辆锁定的具体规则是由风险部门独立制定的，我们客服中心无法获取其详细的评估标准，请您理解。

二、受理解锁申请（高风险客户）

您好，经风险部门综合评估，您的账户被识别为高风险状态。

请您尽快结清所有逾期账单，待款项还清后，即可恢复车辆的正常使用。

三、已还款客户的解锁流程（含违约金）

您好，您的逾期账单我们已确认结清。

不过，根据风险部门的最终评估，由于您此前的高风险状态，需要先结清注销违约金，方可为您提交解锁申请。

您当前需要支付的违约金金额为：[XXX] 元。请您完成缴纳后再次联系客服，我们将立即为您启动解锁流程。","①如客户认可，则发送收款码收款，受理登记工单，转王亚龙。
工单类型：收款对账
工单模版：客户通过xxxx咨询，车牌号：  ，因逾期导致车辆被锁，现已支付欠款及违约金合计xxX元，烦请核实结清并解锁（锁车客户）
附件上传客户转账截图
②如客户已还款，系统查询已结清，仅要求解锁，受理登记工单，转董刚解锁
工单类型：锁车及解锁
工单模版：客户通过xxxx咨询，车牌号：  ，因逾期导致车辆被锁，系统查询已结清欠款，烦请解锁（锁车客户）
③如客户不认可还款金额.注销违约金.协商还款.分期还款或因特殊货物.特殊地理位置等原因需解锁的，客服受理登记工单，转董刚跟进回访处理
工单类型：锁车及解锁
工单模版：客户通过xxxx咨询，车牌号： ，因逾期导致车辆被锁，需支付欠款及违约金，客户不认可还款金额，希望协商还款，烦请核实回复（锁车客户）",,,
售后业务,集装箱类,1,如何办理集装箱车辆专用ETC？,"集装箱运输车辆办理集装箱专用ETC才可在预约平台预约。办理集装箱专用ETC时，除提供办理ETC所需的基础资料外，还需提供车辆“道路运输证”。
道路运输证的经营范围仅为“货物专用运输（集装箱）”的，可办理集装箱运输单一用途专用OBU，类型为J1；
道路运输证的经营范围除“货物专用运输（集装箱）”外，还有“普通货运”等其他项目的，可办理集装箱运输专用OBU，类型为J2。
注：办理集装箱ETC的车辆类型并不仅限于牵引车。只要客户车辆在《道路运输证》上核定有‘集装箱运输’的经营范围，通过网址确认真实性后，无论是牵引车、载货车还是其他专用车辆，均具备办理资质。","您好，办理集装箱车辆ETC，请您严格按以下步骤操作：

1.选择车型：请您参照我们发送的集装箱类型对照图，严格核对并选择与您车辆完全一致的正确车型。

2.上传证件：在办理过程中，请务必同步上传您车辆对应的 《道路集装箱运输证》 。

这是确保您顺利通过审核的必要条件，感谢您的配合。",/,"=DISPIMG(""ID_7A6B2D02A036450B9643CEAC37A12FFE"",1)",,
售后业务,集装箱类,2,路网稽查车辆、牵引车改集装箱注意事项,"客服操作：
1.需要客户提供道路运输证件，并通过集装箱网址查询是否符合办理资质；
注：待理证为道路运输证临时证，一般有效期30天内，该证如车辆临时车牌一样释义，不能算作道路运输证正式证件。
1.1若网址查询符合，则可以修改；
1.2若网址查询不符合或查无信息，则告知客户提供相关查询视频。
温馨提示：客户提供的道路运输证件需要核实下车牌号，若提供车牌不符、或提供挂车证件都无法办理。","您好，非常抱歉，我们通过官方渠道未查询到您提供的运输证件信息，目前暂不符合集装箱业务办理资质。

为协助您再次核实，请您提供以下任一材料：

1.车辆《道路运输证》纸质版的清晰拍摄视频。

2.您在官方平台查询该证件信息的完整操作过程视频。

3.收到后我们将第一时间为您提交核查。",/,,,
售后业务,集装箱类,3,集装箱如何进行预约享受优惠？,"集装箱只有14个省份出了优惠政策，且优惠力度全省可能不一样，需要到每个省高速咨询。（目前共有上海、天津、浙江、江西、山西、广西、福建、重庆、四川、河北、辽宁、江苏、贵州、新疆，14个省份出台了集装箱运输优惠政策）
预约流程：微信搜索“中国ETC服务”小程序—登陆办理手机号—首页预约通行(填写需要上传的信息即可)","【集装箱优惠政策说明】

关于集装箱运输优惠政策的说明

您好，目前全国共有14个省份出台了集装箱运输专项优惠政策，具体包括：上海、天津、浙江、江西、山西、广西、福建、重庆、四川、河北、辽宁、江苏、贵州、新疆。

重要提示：

各省份内的优惠力度（折扣）可能不同。

最准确的优惠详情，建议您直接咨询目的地省份高速。

您可拨打全国高速客服热线 95022 进行咨询，以获取最权威、最新的政策信息。

【集装箱预约流程指引】

集装箱预约通行操作流程

您好，您可以通过以下路径完成预约：

1.微信搜索并进入 “中国ETC服务” 小程序。

2.使用您办理ETC业务的手机号登录。

3.在首页找到并点击 【预约通行】 功能。

4.根据页面提示，填写并上传所需信息即可完成预约。",/,,,
售后业务,集装箱类,4,1101速通客户反馈预约不了集装箱，怎么办？,"1.引导客户拨打北京速通客服热线进行反馈；
2.若客户不愿意拨打的情况下，受理坐席收集客户信息（姓名、手机号、车牌号）反馈至客服组长处。","【最优方案】
您好，非常抱歉给您带来不便。关于“预约不了集装箱”的问题，请您拨打北京速通客服热线010-8750-8050，由速通客服会帮您核实并解决预约问题。

【最终方案】
好的，您的问题已为您详细记录反馈至相关部门，如有回复会第一时间告知，请您耐心等待。",/,,,
售后业务,集装箱类,5,集装箱客户反馈未享受到集装箱优惠,"1.首先收集客户信息查询后台办理信息是否办理的集装箱车型（以路网开放平台车型为准）；
2.其次问询客户是否有在相关小程序提前预约集装箱通行，若有请客户提供相关预约截图；
3.查询客户通行账单并问询客户是哪一笔账单多扣费。
4.若客户不愿意拨打，接待客服需核实具体账单上报异常工单（若客户小程序已预约，请客户提供预约截图）。","【初步诊断与询问】

您好，我们后台核实到您办理的车型为J1/J2（集装箱运输车）。

请问您在本次通行前，是否通过“中国ETC服务”小程序完成了集装箱优惠预约吗？

【根据客户回答提供解决方案】
情况一：引导客户自行联系高速（首选方案）

您好，由于通行费用的计费和扣款均由高速公路方直接下发，我们建议您拨打全国高速客服热线 95022，然后按 9（投诉与建议） 再转 2（ETC业务），向官方直接核实并反馈此笔扣费情况。

请您放心，若高速方核实确为多扣费，款项会原路退回至您的账户。

情况二：客户不愿自行联系，需解悠协助

您好，我们理解您的需求。为协助您处理，需要请您提供一下本次集装箱预约通行的相关截图凭证。

收到截图后，我们将为您上报至高速方进行核查。此类核查的官方回复周期通常需要 3至4个工作日，届时会有专人通过电话或短信告知您最终结果，请您耐心等待。","工单类型：通行异常→流转人（客服组长）
模板：黑A12345；2023年12月11日 15：24：45从江苏苏南硕放机场收费站上高速至12月11日16：18：10江苏甪直站下高速，通行金额为：25.69元；客户反馈已预约集装箱通行但未享受到集装箱优惠，需解悠上报异常处理。
",,,
售后业务,集装箱类,6,预约集装箱的是之前车主的行驶证，提示行驶证已过期，无法修改,需要到集优小程序操作。,"您好，此报错需要您在“集优”小程序中按以下步骤操作：

1.进入小程序，依次上传 《行驶证》 与 《道路运输证》。

2.进入信息填写页面后，请找到日期选择项并点击。

3.系统会弹出一个下拉选框，请您手动从中选择正确的日期。

4.选择完毕后，务必点击 【确定】 按钮。

请注意：此处的日期不支持自动识别，必须由您手动点选才能生效。",/,,,
售后业务,集装箱类,7,“中国ETC服务”预约集装箱提示“处理失败：您输入的开户人手机号，无法查询到账”,核实车辆信息(ETC预留手机号、车辆使用性质是集装箱专用运输车)等，若都正确则发送对客话术。,"情况一：未实名用户

请打开微信，搜索并进入 “中国ETC服务” 小程序。

点击首页【实名认证】按照指引完成认证。

情况二：已登录用户

请确保已登录 “中国ETC服务” 小程序。

点击右下角 【我的】。

点击页面右上角的 【设置或类似图标】，检查或更新您的实名信息。",/,"=DISPIMG(""ID_4CC6E77B2A1B43359F0588E5A2B69196"",1)",,
售后业务,集装箱类,8,（1101）预约集装箱提示处理失败:车牌对应的0BU标签状态异常，请联系发行方。,"1.客服收集信息：请客户提供办理人姓名、车牌号、联系电话和报错截图（完整包含提示内容）

2.上报班组长：客服将上述信息及时同步给当日值班班组长。

3.对接速通方：班组长在收到信息后，第一时间向速通方反馈，并跟进处理进展。

4.结果同步：速通方给出处理方案后，班组长立即同步给原客服。

5.回访客户：客服根据速通方的处理结果，联系客户重新尝试预约。

6.时效要求：整体处理时效为 1 个工作日。当日18:00前完成对客户的首次联系或结果反馈。","【收集客户信息】

您好，请您提供以下信息，我们将尽快为您核实处理：办理人姓名、车牌号、联系电话，以及报错页面的完整截图。

【提供解决方案】

我们会将信息提交给技术方（速通方）进行排查，预计在 1 个工作日内给出处理结果，并最晚在今日18:00 前联系您。

待问题解决后，我们会及时联系您，届时您可重新尝试预约。感谢您的耐心配合！",,"=DISPIMG(""ID_C35ECF4453DD432091CA1F8A268025AE"",1)",,
售后业务,集装箱类,9,中国ETC预约集装箱提示：处理失败：车牌对应的OBU标签状态异常，请联系发行方,"1.首先让客户设备检测且提供报错截图；
2.检测截图反馈至路网进行核查。","【设备检测引导版】

您好，此报错可能与设备状态有关。请您先按指引完成设备自检，并将设备检测结果截图发送给解悠客服，我们将立即为您分析排查。

1.微信搜索并进入 “中国ETC服务” 小程序，完成登录。

2.点击首页 【ETC服务】。

3.在功能列表中，找到并点击 【设备检测】。

4.进入检测页面后：

 4.1请确保您的手机蓝牙已开启。

 4.2同时开启设备蓝牙：快速、连续地插拔ETC卡片两次，直至设备屏幕显示“蓝牙已开启”。

5.随后，点击【设备检测】，等待检测结果。


【问题升级告知版】

您好，您的问题我们已提交至技术部门进行深度排查。

我们会在收到回复后的第一时间主动联系您，请您耐心等待。",路网（网路智联→解悠数科货车ETC售后沟通）,,,
售后业务,集装箱类,10,中国ETC预约集装箱提示：企业道路运输经营许可证已过期,"1.车辆所属问题，客户是通过集优企业端批量注册的，可以自行点击集优服务小程序我的-解绑车辆；
2.通过xxxx有限公司的集优企业端的：批量注册，重新注册即可。","【解绑原有车辆信息】
请您登录微信中的 “集优服务”小程序，进入【我的】页面，找到 “解绑车辆” 功能并操作。这一步完成后，原绑定关系将被清除。

【绑定新企业信息】
通过xxxx有限公司的集优企业端的：批量注册，重新注册即可。",/,"=DISPIMG(""ID_CA18CCBC93544D98B66128EB62BE1823"",1)",,
售后业务,二次激活,1,中国ETC二次激活及更换设备必须办理人本人微信操作吗？,可以用别人的手机微信前往“中国ETC服务”小程序操作二次激活或更换设备。,"您好，使用他人手机协助激活，请严格按以下步骤操作：

第一步：办理人本人完成实名认证 (关键前提)

1.请使用办理人本人的实名微信，搜索并进入 “中国ETC服务” 小程序。

2.在首页完成 【实名认证】 （请务必根据页面提示完成全部操作）。

第二步：在他人手机上完成激活

1.使用您当前操作的手机微信，再次进入 “中国ETC服务” 小程序。

2.登录时，选择 【验证码登录】，输入办理人的手机号并获取验证码登录。

3.登录成功后，即可正常操作设备激活或更换。",/,,,
售后业务,二次激活,2,中国ETC二次激活报错：json格式有误，解析失败,删除小程序更新最新版尝试,"您好，此问题可能是由于微信版本或小程序缓存导致。

请您按以下步骤操作：

1.先将【微信升级到最新版本】。

2.然后将当前的 “中国ETC服务” 小程序从【微信中移除】。

3.最后，【重新搜索并进入】该小程序即可再次尝试。",/,,,
售后业务,二次激活,3,新办/二次激活报错：手机蓝牙功能未开启，请开启手机蓝牙功能后重试。,/,"【蓝牙连接问题排查指引】
您好，若设备蓝牙无法连接，请按以下步骤逐一排查：

第一步：【核对三大基础前提】
请确保同时满足以下三个条件，缺一不可：

1.ETC设备蓝牙已开启（通常通过快速插拔卡两次触发）

2.手机本身的蓝牙和定位服务（GPS） 已开启

3.微信及 “中国ETC服务”小程序 已获得蓝牙权限

第二步：【检查蓝牙权限】（请按手机系统参考）

1.苹果手机 (iOS系统)：

微信权限：前往【设置】-【隐私】-【定位服务】→ 找到“微信” → 选择 “使用App期间” 或 “始终”。

小程序权限：在“中国ETC服务”小程序首页 → 点击右上角 “…” → 选择【设置】→ 找到【蓝牙】→ 如显示“不允许”，请点击并设置为 “使用小程序时允许”。

2.安卓手机 (Android系统)：

微信权限：前往手机【设置】-【应用设置】（或【应用管理】）-【权限管理】→ 找到“微信” → 开启【蓝牙】相关权限。

小程序权限：在“中国ETC服务”小程序首页 → 点击右上角 “…” → 选择【设置】→ 找到【蓝牙】→ 如显示“不允许”，请点击并设置为 “使用小程序时允许”。

第三步：【最终解决方案】
如完成以上所有步骤后仍无法连接，请您提供一段完整的操作录屏，我们将据此为您进行深度排查。",/,,,
售后业务,二次激活,4,"解悠二次激活报错：搜索蓝牙设备失败:10002undefined,10010扫描超时","1.引导客户至中国ETC服务小程序操作二次激活。
2.若“中国ETC服务”小程序仍有报错，则将报错页面截图、客户信息反馈至[网路智联群]核实处理。","您好，此报错需要您通过“中国ETC服务”小程序完成二次激活，请按以下步骤操作：

1.固定设备：首先，请将ETC设备牢固地贴在前挡风玻璃上。

2.进入小程序：使用办理人本人的微信，搜索并进入 “中国ETC服务” 小程序。

3.开始激活：点击 【ETC服务】 → 【激活设备】。

4.连接设备：

 4.1点击 【连接设备】。

 4.2然后，同时打开手机蓝牙和设备蓝牙。

 4.3设备蓝牙开启方式：快速、连续地插拔ETC卡片两次，直至屏幕显示“蓝牙已开启”。

5.完成激活：蓝牙连接成功后，根据页面提示完成后续操作即可激活。",/,,,
售后业务,二次激活,5,解悠二次激活报错：卡片通道指令执行失败50%,,"您好，此报错需要您通过“中国ETC服务”小程序完成二次激活，请按以下步骤操作：

1.固定设备：首先，请将ETC设备牢固地贴在前挡风玻璃上。

2.进入小程序：使用办理人本人的微信，搜索并进入 “中国ETC服务” 小程序。

3.开始激活：点击 【ETC服务】 → 【激活设备】。

4.连接设备：

 4.1点击 【连接设备】。

 4.2然后，同时打开手机蓝牙和设备蓝牙。

 4.3设备蓝牙开启方式：快速、连续地插拔ETC卡片两次，直至屏幕显示“蓝牙已开启”。

5.完成激活：蓝牙连接成功后，根据页面提示完成后续操作即可激活。",路网（网路智联→解悠数科货车ETC售后沟通）,,,
售后业务,二次激活,6,解悠二次激活报错：ESAM通道指令执行失败6988、9303,可以先去“中国ETC服务”小程序尝试二次激活，若还是不行，需要更换一套设备。,"一、【引导客户自助激活】（首选方案）

您好，请您前往 “中国ETC服务” 小程序尝试操作激活。

若在激活过程中出现任何报错提示，请及时反馈给解悠客服，我们将立即为您排查处理。

二、【设备锁死的最终解决方案】

您好，由于该设备的激活尝试次数已超过系统安全限制，目前已被永久锁死，无法再次激活。

现在需要请您更换一套全新的ETC设备来完成激活。

被锁死的旧设备需要回收处理，请您妥善保管以便后续回收。",/,"=DISPIMG(""ID_77F032DDF3ED44928F575A27EF7A1DB8"",1)",,
售后业务,二次激活,7,解悠二次激活报错：请求失败请重新发起obu二次发行,客户实际是操作更换设备，需要前往中国ETC服务小程序操作更换维修设备。,"您好，更换新设备请按以下流程操作激活：

1.固定设备：首先，请将新设备牢固粘贴在车辆前挡风玻璃上。

2.进入小程序：使用办理人本人的微信，搜索并进入 “中国ETC服务” 小程序。

3.选择服务：点击 【ETC服务】 → 【更换/维修设备】。

4.蓝牙连接：

 4.1点击 【连接设备】。

 4.2开启手机蓝牙。

 4.3开启设备蓝牙：快速、连续地插拔ETC卡片两次，直到设备屏幕显示“蓝牙已开启”。

5.完成激活：蓝牙连接成功后，请根据页面提示完成后续操作，直至提示激活成功。",/,,,
售后业务,二次激活,8,"解悠二次激活进度条50%，报错提示：系统信息已写入ESAM
请求失败，该设备已过期，请先续期","1.引导客户操作二次激活
引导客户通过“中国ETC服务”小程序尝试二次激活。

2.根据激活结果分流处理
2.1激活失败，提示“该设备已过期，请先续期”，将客户车牌号发至客服组长查询路网状态名单。
情况1：设备状态正常（未停用）
方案：为客户申请更换设备。
情况2：设备状态为“已停用”
引导：引导客户前往“中国ETC服务”小程序解除限制后再操作二次激活。","1. 引导客户二次激活
请您微信搜索‘中国ETC服务’小程序，登录后点击【ETC服务】→【设备激活】，按提示开启手机蓝牙，并快速插拔ETC卡片两次，即可完成激活。

2. 核实路网状态名单
该报错需要进一步的为您进行核实，请您稍等。

2.1 【核实状态正常】
您好，经查询该报错需要您更换设备一套设备进行激活。

2.2. 【核实状态显示停用】
您好，经核实您前期通过“中国ETC服务”小程序操作了停用，现在需要您前往小程序→ETC服务→点击“启用”成功后再按照以下的二次激活流程，操作激活即可。

请您微信搜索‘中国ETC服务’小程序，登录后点击【ETC服务】→【设备激活】，按提示开启手机蓝牙，并快速插拔ETC卡片两次，即可完成激活。",/,,,
售后业务,二次激活,9,中国ETC二次激活报错：写Obu系统信息失败6983,密钥错误，需要更换一套设备,"您好，经系统查询，由于您的ETC设备激活尝试次数过多，已被系统锁定，无法再次激活。

现在需要您更换一套新的ETC设备来完成激活。同时，请您对当前的旧设备进行回收处理。",/,"=DISPIMG(""ID_223A8EE486FD4A54A066D19D1B634FC6"",1)",,
售后业务,二次激活,10,中国ETC二次激活报错：打开卡失败：10001：其余所有系统上报的异常,"1.周边蓝牙需要关闭后操作；
2.频繁插拔ETC卡片导致蓝牙连接超时报错，建议客户过半小时后再次重新操作激活。","您好，频繁插拔卡片会导致设备蓝牙模块进入不稳定状态。

建议您将设备和手机都静置半小时，并关闭周围其他蓝牙设备（如耳机、车载蓝牙等）以减少干扰，之后再次尝试连接激活。",/,"=DISPIMG(""ID_063D5A22D98747E0B79D5E2E8EAE8951"",1)",,
售后业务,二次激活,11,修改车辆信息后，中国ETC二次激活提示“该设备为原设备，请使用新设备操作”,"1.客户将OBU安装在对应车辆指定位置上，OBU安装到位后，将ETC卡插入OBU内；
2.办理人本人登录微信，搜索“中国ETC服务’小程序，确认微信和小程序均已授权蓝牙功能，点击ETC服务，再点击点击“更换/维修设备”，选择ETC车辆，点击“下一步”，开启OBU蓝牙功能（蓝牙打开方式：快速插拔两次卡片），连接设备。若用户连接的是老设备，则操作将不被允许。","您好，此报错需要您正确安装设备并完成激活，请按以下步骤操作：

第一步：正确安装设备

1.请将OBU设备安装在该车辆前挡风玻璃的居中位置，确保无金属膜遮挡。

2.将ETC卡正确插入OBU设备内。

第二步：小程序操作激活

1.使用办理人本人的微信，搜索并进入 “中国ETC服务” 小程序。

2.点击 【ETC服务】 → 【更换/维修设备】。

3.选择您要激活的ETC车辆，点击 【下一步】。

4.开启OBU蓝牙：快速、连续地插拔ETC卡片两次，直至设备屏幕显示“蓝牙已开启”。

5.返回小程序页面，点击 【连接设备】，完成激活流程。",/,"=DISPIMG(""ID_1D0B237DF4D1408291CE7906BC4E01EC"",1)",,
售后业务,二次激活,12,中国ETC二次激活提示“获取0bu编号失败：10002：获取合同序列号超时”,"1.周边蓝牙需要关闭后操作；
2.频繁插拔ETC卡片导致蓝牙连接超时报错，建议客户过半小时后再次重新操作激活；                                              3.该报错表示设备损坏；","【蓝牙连接优化版】

您好，频繁插拔卡片可能导致设备蓝牙模块进入保护状态。建议您将设备静置半小时使其自动恢复，同时请关闭手机周边其他蓝牙设备（如耳机、车载音响等），然后重新尝试连接激活。

【设备更换指引版】

经系统检测，当前设备存在硬件故障。建议您更换新设备进行激活，我们将为您同步安排旧设备回收服务。若新设备仍无法激活，请提供操作视频以便我们进一步检测。",/,"=DISPIMG(""ID_B63253C34AB4438289400F186CB21E9E"",1)",,
售后业务,二次激活,13,"中国ETC二次激活提示“打开卡失败:10020:执行失败，状态是
B7”","1.可能设备问题导致，建议客户设备检测排查设备是否正常；
2.若在设备检测时，提示报错“获取0bu编号失败:10002:获取合同序列号超时”，则按照该报错的处理方案告知客户。","您好，此报错需要进行设备检测，请您按以下流程操作：

1.微信搜索并进入 “中国ETC服务” 小程序，完成登录。

2.点击首页 【ETC服务】。

3.在功能列表中，找到并点击 【设备检测】。

4.进入检测页面后：

 4.1请确保您的手机蓝牙已开启。

 4.2开启设备蓝牙：快速、连续地插拔ETC卡片两次，直至设备屏幕显示“蓝牙已开启”。

5.随后，小程序将自动进行设备检测。

温馨提示：若检测过程中出现任何错误提示或异常情况，请及时反馈给我们，我们将为您进行深度排查。",/,,,
售后业务,二次激活,14,"设备掉落或者用户把设备拿下来，该怎么办
（重新二次激活流程）","注：设备松动脱落需要二次激活，优先发送“解悠货车服务”的二次激活。
客服排查：通过CRM聚合系统→订单信息，查询办理渠道是否为满帮。
1.若为满帮渠道，客服需要告知将ETC设备背面的白色双面胶彻底撕掉，重新固定原厂黑灰色胶至前挡风玻璃操作二次激活即可。
2.若为其它渠道则正常发送二次激活流程。
","【满帮渠道增加服务流程】
您好，关于您设备需要重新安装的问题，请按以下步骤操作：
请您先将设备从挡风玻璃上取下来，把背面原有的白色旧胶彻底撕干净。
撕掉白色胶后，您可以看到底下还有一层原厂自带的黑灰色专用胶。这层胶是可以直接使用的，您把设备用这层原厂胶重新贴回挡风玻璃上操作二次激活即可。

【方案一：视频引导（首选）】

您好，您可以通过观看视频教程来完成二次激活，操作更直观：
激活视频链接： https://huoche.jieyoucloud.com/u/Ec1E1
请您点击链接，并严格按照视频中的步骤进行操作。

【方案二：扫码观看（备用）】
（当链接无法打开时使用）
您好，链接无法打开，请您尝试扫描下方的二维码，同样可以跳转至二次激活视频教程，请根据视频指引操作。
【此处预留二维码位置】

【方案三：解悠小程序流程（标准路径）】
您好，以下是【文字指引】，请通过“解悠货车服务”小程序按此流程操作：
1.前提确认：确保办理人已完成实名认证（未实名需先实名）。
2.信息查询：登录后进入【首页】→【二次激活】→输入车牌号与颜色→查询获取办理人信息。
3.安全校验：获取短信验证码，点击【激活】按钮进行校验。
4.蓝牙连接：
 4.1校验成功后，打开手机蓝牙。
 4.2将设备牢固粘贴在车前挡风玻璃上。
 4.3快速插拔ETC卡两次，开启设备蓝牙。
 4.4完成激活：等待系统连接并完成激活。
 4.5结果验证：激活成功后，可前往“中国ETC服务”小程序进行【设备检测】，确认状态为“已激活”。

【方案四：中国ETC小程序流程（最终方案）】
（当以上方案均失败时使用）
您好，请您通过官方小程序尝试最终激活方案：
1.固定设备：首先将设备牢固粘贴在车前挡风玻璃上。
2.进入小程序：使用办理人本人的微信，搜索并进入 “中国ETC服务” 小程序。
3.开始激活：点击 【ETC服务】 → 【激活设备】。
4.蓝牙连接：
 4.1点击 【连接设备】。
 4.2开启手机蓝牙。
 4.3开启设备蓝牙：快速、连续地插拔ETC卡片两次，直至屏幕显示“蓝牙已开启”。
5.完成激活：根据页面提示完成后续操作，直至提示激活成功。",/,"=DISPIMG(""ID_6F2D704D5F5B43B8BFCE949BBD0E74EE"",1)",,
售后业务,二次激活,15,二次激活插拔卡设备显示：EsamReset，无法打开蓝牙,需要为客户申请免费更换设备。,"您好，该报错需要为您申请更换一套新设备。

【ETC设备更换方案指南】
方法一：自助寄回更换（免费备选）

您好，如果您不方便联系原办理点，可以选择将设备寄回给我们进行更换。

具体流程如下：
1.您寄出：请将旧设备与ETC卡片一同打包，使用顺丰快递“到付” 的方式寄出。
2.我们收货：我们签收后，请您及时联系客服。
3.我们寄出：我们将为您安排寄出新设备，同样采用顺丰到付。

邮寄地址信息：
地址：南京市江宁区开发区总部基地32栋16楼
收件人：坐席姓氏 + 客服工号 (例：李工1234)
电话：4000543986
重要提示：为确保顺利签收，目前仅支持顺丰到付，其他快递无法接收。

方法二：押金速递方案（着急使用）

（若客户急需使用）
您好，如果您比较着急，我们可以通过押金方式为您优先处理。

第一步：支付与登记
根据规定，非人为原因的设备更换需收取 150元押金。请您提供 ①带有订单编号的150元付款截图 及 ②车牌号，客服将立即为您登记更换。

第二步：收货与寄回
请同时提供您的收件信息，我们会尽快发出新设备（顺丰到付），并将运单号发给您。
关于旧设备：请您在一张纸上写下车牌号，放入旧设备（含卡片） 中，邮寄至上述地址。

第三步：押金退还与设备激活
待我们签收回旧设备后，请您及时联系客服获取设备激活操作指引和申请退还押金。押金将在 5-7个工作日内 原路退回至您的账户，请您留意查收。",,,,
售后业务,二次激活,16,解悠货车服务小程序操作二次激活15%报错：“请求失败，未找到用户信息”,"1.让客户在解悠货车小程序尝试重新做一下实名认证；
2.中国ETC小程序去二次激活。","
【方案一：更新解悠小程序实名信息，认证成功后再操作二次激活（首选）】

您好，在进行二次激活前，需要先更新您的实名信息以确保账户安全。

操作路径：请您进入“解悠货车服务”小程序 → 点击底部【我的】 → 进入【实名认证】 → 点击【重置实名】 → 完成【立即认证】。

请务必在实名认证成功后，再进行后续的激活操作。

【方案二：中国ETC小程序二次激活流程（最终方案）】
（当方案一失败时使用）

您好，请您通过官方小程序尝试最终激活方案：

1.安装设备：首先将ETC设备牢固粘贴在车辆前挡风玻璃上。

2.进入小程序：使用办理人本人的微信，搜索并进入“中国ETC服务”小程序。

3.开始激活：点击首页的【ETC服务】 → 选择【激活设备】。

4.蓝牙连接：

 4.1点击页面的【连接设备】按钮

 4.2打开手机蓝牙功能

 4.3开启设备蓝牙：快速连续插拔ETC卡片两次，直到设备显示""蓝牙已开启""

5.完成激活：等待系统自动连接并完成激活流程，页面显示激活成功即可。",/,,,
售后业务,更换设备类,1,如何查询首次激活的设备号/卡号,"1、通过路网开放平台“车辆信息”查询。
注：若客户/代理需要查询首次激活的设备号，只能反馈9901技术群进行查询。","您好，非常抱歉，目前客服后台只能查询到您账户下最新的设备编号（OBU号）及卡片编号（CPU号）。

您需要查询的首次激活的历史设备信息，我们需要为您提交至技术部门进行专项查询。

查询到结果后，我们会第一时间主动告知您。感谢您的耐心等待。",/,,,
售后业务,更换设备类,2,中国ETC小程序更换设备时提示“此签状态不允许激活”,/,"您好，请按以下步骤激活您的新设备：

1.固定设备：首先，请将新设备牢固粘贴在车辆前挡风玻璃上。

2.进入小程序：使用办理人本人的微信，搜索并进入 “中国ETC服务” 小程序。

3.选择服务：点击 【ETC服务】 → 【更换/维修设备】 （请务必选择此项）。

4.蓝牙连接：

 4.1点击 【连接设备】。

 4.2开启手机蓝牙。

 4.3开启设备蓝牙：快速、连续地插拔ETC卡片两次，直到设备屏幕显示“蓝牙已开启”。

5.完成激活：蓝牙连接成功后，请根据页面提示完成后续操作，直至提示激活成功。",/,"=DISPIMG(""ID_A225351E7AD9422B8EBEFE20E87D0370"",1)",,
售后业务,更换设备类,3,中国ETC小程序更换设备、设备检测提示“未检测到蓝牙设备”,/,"【蓝牙连接问题排查指引】
您好，此报错通常与蓝牙连接有关，请您按照以下方法依次排查：

方法一：检查蓝牙与定位权限

1.开启蓝牙：请确保您的手机蓝牙与ETC设备蓝牙均已打开（设备蓝牙开启方式：快速插拔卡片两次）。

2.授权定位：请在手机系统设置中，将微信的定位权限设置为 “始终允许”（路径：手机设置→应用管理→微信→权限→定位）。

3.排除干扰：请暂时关闭周围其他的蓝牙设备（如耳机、其他手机、车载蓝牙等）。

方法二：更新微信与小程序

1.请将微信升级到最新版本。

2.移除当前的""中国ETC服务""小程序后，重新搜索进入再试。

方法三：更换手机尝试
如果上述方法均无效，建议您更换一部手机尝试激活，以判断是否为手机兼容性问题。",/,,,
售后业务,更换设备类,4,中国ETC小程序更换设备报错提示“rand：卡随机数最大长度1位，最小长度1位”,"1.核实确认是在“更换/维修设备”按钮操作；
1.1若正确，需要更换一套新设备进行激活。
1.2若不正确，需要客户通过“更换/维修设备”按钮进行操作。","【ETC设备激活失败处理方案】
情况一：操作路径错误

您好，此报错是由于未通过正确路径操作所致。

解决方案：请您返回 “中国ETC服务”小程序，在 【ETC服务】 中点击 【更换/维修设备】 按钮重新尝试激活。

后续支持：若按此操作仍报错，请您录制完整操作视频并反馈给解悠客服，我们将为您深度排查。

情况二：设备硬件故障

您好，经确认您已通过正确路径操作，此报错表明当前设备存在硬件故障。

最终方案：请您更换一套全新的ETC设备进行激活。

重要提示：故障的旧设备需要回收处理，请勿随意丢弃。",/,"=DISPIMG(""ID_A7FAAC5F087B48E79BB2E2CD6D407AA2"",1)",,
售后业务,更换设备类,5,中国ETC小程序更换设备提示“写0bu车辆信息失败:10002:读随机数超时”,/,"【蓝牙连接优化版】

您好，频繁插拔卡片可能导致设备蓝牙模块进入保护状态。建议您将设备静置半小时使其自动恢复，同时请关闭手机周边其他蓝牙设备（如耳机、车载音响等），然后重新尝试连接激活。

【设备更换指引版】

经系统检测，当前设备存在硬件故障。建议您更换新设备进行激活，我们将为您同步安排旧设备回收服务。若新设备仍无法激活，请提供操作视频以便我们进一步检测。",/,,,
售后业务,更换设备类,6,中国ETC小程序更换设备提示“卡号不存在”,收集客户信息（姓名、手机号、车牌号），及报错页面截图反馈网路智联群处理。,"您好，您遇到的报错我们已详细记录，并提交至技术部门进行核查。

待有回复我们会第一时间主动告知您。感谢您的耐心等待。",路网（网路智联→解悠数科货车ETC售后沟通）,,,
售后业务,更换设备类,7,中国ETC小程序更换设备提示“车辆信息签约状态异常”,"1.前往开放平台查询客户状态名单是否正常。
1.1若正常，请问客户需要操作更换设备还是二次激活，再作答；
1.2若在黑名单内，则询问客户是否因原设备损坏等问题需要更换设备操作激活。
1.2.1若是，需要收集报错页面截图、客户信息反馈至路网。","【非黑名单客户】
请问您本次是需要更换新的设备，还是对原有设备进行二次激活？
请您告知具体需求，我们将为您指引对应的操作步骤。

【列入状态名单】
请问是否因为 原ETC设备损坏、丢失或无法使用，需要 更换设备并重新激活？
如果是，我们需要详细记录，并提交至技术部门进行核查。",路网（网路智联→解悠数科货车ETC售后沟通）,,,
售后业务,更换设备类,8,中国ETC小程序更换设备提示“还存在未结清流水，不能更换设备”,收集客户信息（姓名、手机号、车牌号、车牌颜色），及报错页面截图反馈网路智联群处理。,"您好，您遇到的报错我们已详细记录，并提交至技术部门进行核查。

待有回复我们会第一时间主动告知您。感谢您的耐心等待。",路网（网路智联→解悠数科货车ETC售后沟通）,,,
售后业务,更换设备类,9,（9901）设备更换提示报错：plateNum必填。,"1.首次引导

建议客户将微信中的“中国ETC服务”小程序删除（从最近使用列表中移除），然后重新搜索进入小程序，再次尝试设备更换操作。

2.二次处理

若删除重进后仍报错，要求客户提供从删除小程序开始的完整操作录屏（需包含：删除小程序 → 重新搜索进入 → 操作至报错的全过程）。

录屏需清晰显示操作步骤及报错提示内容。

3.升级反馈

客服收集客户信息（姓名、车牌号、手机号、报错截图及录屏文件），创建工单并流转至路网中心核实处理。

路网核实后，按反馈结果通知客户或协助完成后续操作。

4.时效要求

反馈路网后，原则上1个工作日内跟进处理结果，并同步客户。","第一步：引导客户删除小程序重试
您好，您遇到的“plateNum必填”报错，通常是小程序缓存数据异常导致的。请您先尝试以下操作：

在微信首页下拉，找到“中国ETC服务”小程序，长按并选择【删除】。重新在微信搜索“中国ETC服务”，进入小程序后再试一次设备更换操作。

第二步：若仍报错，引导提供录屏
很抱歉，删除重进后如问题依然存在。需要请您配合录制一段完整的操作视频：

录制内容：从微信首页删除“中国ETC服务”小程序开始 → 重新搜索进入小程序 → 进行设备更换操作 → 直到出现“plateNum必填”报错结束。

录屏时请确保报错提示清晰可见。录好后请发送至我们企业微信客服，我们提交给路网技术团队核实处理，预计1个工作日内给您反馈。

感谢您的耐心配合！

第三步：客户提供录屏后的回复话术
您好，您提供的录屏我已收到，已为您反馈至路网技术团队核实处理。
预计 1个工作日内 会反馈处理结果，届时我会第一时间联系您。请您耐心等待！",,,,
售后业务,更换设备类,10,中国ETC小程序更换设备提示“卡签不存在”,"1.让客户提供需要激活的设备号和卡号，CRM聚合系统再核实客户办理的发行方是1101北京发行还是9901全国统一平台前。
1.1若为1101北京发行，则引导客户前往“解悠货车服务”小程序使用1101设备号段操作设备更换激活；
1.2若为9901全国统一平台前，则告知客户使用9901设备号段操作设备更换激活。","请您提供一下您的设备编号（设备号）和卡号，后台为您进一步核实。

【情况一：核实为1101北京发行】
经核实，该车辆为1101北京发行，请您使用1101的新设备（含卡片），并按照以下流程完成设备更换激活。
1.安装设备：首先将新设备牢固粘贴在车辆前挡风玻璃上。
2.进入小程序：微信搜索“解悠货车服务”小程序并完成登录。
3.信息查询：登录后进入【首页】→【设备更换】→输入车牌号与颜色→查询获取办理人信息。
4.安全校验：获取短信验证码，点击【确认更换】进入更换激活流程。
5.蓝牙连接：
 5.1校验成功后，打开手机蓝牙。
 5.2将设备牢固粘贴在车前挡风玻璃上。
 5.3快速插拔ETC卡两次，开启设备蓝牙。
 5.4完成激活：等待系统连接并完成激活。
6.完成激活：根据页面提示完成激活流程。

【情况二：核实为9901全国统一平台前】
经核实，该车辆为9901全国统一平台前发行，请您使用9901的新设备（含卡片），并按照以下流程完成设备更换激活。
1.安装设备：首先将新设备牢固粘贴在车辆前挡风玻璃上。
2.进入小程序：使用办理人本人的微信，搜索并进入 “中国ETC服务” 小程序。
3.选择服务：点击 【ETC服务】 → 【更换/维修设备】 （请务必选择此项）。
4.蓝牙连接：
 4.1点击 【连接设备】。
 4.2开启手机蓝牙。
 4.3开启设备蓝牙：快速、连续地插拔ETC卡片两次，直到设备屏幕显示“蓝牙已开启”。
5.完成激活：根据页面提示完成激活流程。",/,,,
售后业务,更换设备类,11,非人为原因更换设备押金流程,"1.若客户不方便去办理地点，需要客户将旧设备寄回公司（到付），我们再给客户发新设备（到付）。
2.若客户着急要用，采用押金方式。
2.1相关客服通过企微共享台账查询确认旧设备是否到件，到件则走“退款申请”工单至支持。
","【ETC设备更换方案指南】
方法一：自助寄回更换（免费备选）

您好，如果您不方便联系原办理点，可以选择将设备寄回给我们进行更换。

具体流程如下：
1.您寄出：请将旧设备与ETC卡片一同打包，使用顺丰快递“到付” 的方式寄出。
2.我们收货：我们签收后，请您及时联系客服。
3.我们寄出：我们将为您安排寄出新设备，同样采用顺丰到付。

邮寄地址信息：
地址：南京市江宁区开发区总部基地32栋16楼
收件人：坐席姓氏 + 客服工号 (例：李工1234)
电话：4000543986
重要提示：为确保顺利签收，目前仅支持顺丰到付，其他快递无法接收。

方法二：押金速递方案（着急使用）

（若客户急需使用）
您好，如果您比较着急，我们可以通过押金方式为您优先处理。

第一步：支付与登记
根据规定，非人为原因的设备更换需收取 150元押金。请您提供 ①带有订单编号的150元付款截图 及 ②车牌号，客服将立即为您登记更换。

第二步：收货与寄回
请同时提供您的收件信息，我们会尽快发出新设备（顺丰到付），并将运单号发给您。
关于旧设备：请您在一张纸上写下车牌号，放入旧设备（含卡片） 中，邮寄至上述地址。

第三步：押金退还与设备激活
待我们签收回旧设备后，请您及时联系客服获取设备激活操作指引和申请退还押金。押金将在 5-7个工作日内 原路退回至您的账户，请您留意查收。


","1.工单类型：设备邮寄→流转人（支持岗）
模板：姓名、联系方式、车牌号，客户因设备不存电需申请更换一套新设备，已支付押金xx元，邮寄信息：xx。
2.工单类型：退款申请→流转人（支持岗）
模板：姓名、手机号、车牌号，已核实确认旧设备到件，顺丰单号： ，现申请退回押金xx元。",,,
售后业务,更换设备类,12,9901统一平台更换设备操作步骤,"1.客户/代理咨询更换设备注意事项：
1.1首先询问客户/代理什么原因需要更换设备；
1.2判断告知原因：人为原因（缴付150元）/非人为原因；
1.3代理有新设备，需告知旧设备必须回收；客户需要我司邮寄设备，押金150元，旧设备邮寄我司后联系客服退回。

2.操作步骤：首先把设备贴在车上，固定好，然后办理人本人微信搜索‘中国ETC’小程序，进入小程序后，点击ETC服务，再点击更换/维修设备，点击连接设备后再点击操作设备，将手机蓝牙跟设备蓝牙都打开（设备蓝牙打开方式：快速插拔两次卡片设备会蓝牙打开）激活成功即可。
注：对于更换的设备，请代理回收并妥善保管。
须知：
1.人为原因提示收费150元；
2.质量问题免费更换
以上需由人工判断","【ETC设备更换服务流程】
第一步：确认更换原因
您好，请问您是由于什么原因需要更换ETC设备呢？

第二步：说明费用政策（如适用）
（若为人为原因）
您好，根据公司规定，因人为原因导致的设备丢失或损坏，需要支付150元的设备成本费。

第三步：指导更换激活流程
（无论是否收费，均需完成此步骤）
您好，请按以下流程完成新设备的激活与旧设备回收：
1.安装设备：首先将新设备牢固粘贴在车辆前挡风玻璃上。
2.进入小程序：使用办理人本人的微信，搜索并进入 “中国ETC服务” 小程序。
3.选择服务：点击 【ETC服务】 → 【更换/维修设备】 （请务必选择此项）。
4.蓝牙连接：
 4.1点击 【连接设备】。
 4.2开启手机蓝牙。
 4.3开启设备蓝牙：快速、连续地插拔ETC卡片两次，直到设备屏幕显示“蓝牙已开启”。
5.完成激活：根据页面提示完成激活流程。
6.旧设备回收：请将旧设备（含ETC卡片） 进行妥善回收处理。

",/,,,
售后业务,更换设备类,13,1101速通更换设备操作步骤,引导客户前往“解悠货车服务”小程序→登录→首页【设备更换】操作。,"【ETC设备更换服务流程】
第一步：确认更换原因
您好，请问您是由于什么原因需要更换ETC设备呢？

第二步：说明费用政策（如适用）
（若为人为原因）
您好，根据公司规定，因人为原因导致的设备丢失或损坏，需要支付150元的设备成本费。

第三步：指导更换激活流程
（无论是否收费，均需完成此步骤）
您好，请按以下流程完成新设备的激活与旧设备回收：
1.安装设备：首先将新设备牢固粘贴在车辆前挡风玻璃上。
2.进入小程序：微信搜索“解悠货车服务”小程序并完成登录。
3.信息查询：登录后进入【首页】→【设备更换】→输入车牌号与颜色→查询获取办理人信息。
4.安全校验：获取短信验证码，点击【确认更换】进入更换激活流程。
5.蓝牙连接：
 5.1校验成功后，打开手机蓝牙。
 5.2将设备牢固粘贴在车前挡风玻璃上。
 5.3快速插拔ETC卡两次，开启设备蓝牙。
 5.4完成激活：等待系统连接并完成激活。
6.完成激活：根据页面提示完成激活流程。
7.旧设备回收：请将旧设备（含ETC卡片） 进行妥善回收处理。

",/,,,
售后业务,更换设备类,14,（1101）更换设备提示：“查询最新状态超时，请稍后重试...或联系客服”（进度条10%）,"1.信息收集：收集办理人姓名、车牌号、手机号和报错截图；
2.升级处理：创建CRM工单流转至技术，等待技术核实处理。
3.结果同步：等技术返回结果后，提醒客户尝试重新操作。",您好，您遇到的报错需要后台技术核实。麻烦您提供姓名、车牌号、手机号和报错截图，我帮您提交工单。技术处理完成后会第一时间通知您，届时您重新操作即可。感谢配合！,,,,
售后业务,更换设备类,15,在高速行驶途中能更换设备吗？,/,"【重要安全提示】

您好，使用ETC通行高速时，系统会在入口和出口分别写入信息，形成一个完整的交易闭环。

请务必不要在高速行驶途中更换设备！ 如果中途更换，将导致通行信息无法闭环，这会直接影响您的正常通行，并导致无法享受ETC通行费折扣。

为保证您的权益，我们强烈建议您在结束行程、驶离高速之后再更换设备。",/,,,
售后业务,更换设备类,14,更换设备，客户无须我司邮寄设备须知,"一.客户反馈设备故障，申请更换设备并已支付押金。
1.客户明确表示自行联系代理更换，要求退押金。
注：若联系代理更换设备，需要将旧设备一套回收至代理处。
2.客服操作：
2.1登记退费工单，工单类型：“退款申请”流转至支持岗并备注：客户自行联系代理更换设备，申请退押金xxx元。
二.客户因设备或卡片丢失，申请更换设备并已支付费用。
1.客户明确表示自行联系代理补发设备，要求无需邮寄新设备。
2.客服操作：
2.1登记设备邮寄工单：工单类型：“设备邮寄”转至支持岗并备注：客户已自行联系代理补发设备，无需邮寄；（附客户提供的支付截图）。","【场景一：申请退还押金】

您好，您的退押金申请已为您登记，并生成退费工单。押金预计在 5至7个工作日 内原路退回至您的支付账户，请您耐心等待并注意查收。

温馨提示：为确保流程顺利完成，需要您将整套旧设备（含ETC卡片）归还给原办理工作人员进行回收。

【场景二：要求补发设备（无需邮寄）】

好的，我们已记录您的情况。请您直接联系之前的办理人员，说明您已通过解悠客服渠道支付设备费，申请更换一套新设备即可。

如果在沟通中遇到任何问题，请随时反馈给我们，我们将协助您与代理方协调处理。","1.工单类型：退款申请→流转人（支持岗）
模板：姓名、联系方式、车牌号，客户自行联系代理更换设备，申请退押金xxx元。（附客户提供的支付截图）
2.工单类型：设备邮寄→流转人（支持岗）
模板：姓名、联系方式、车牌号，客户已自行联系代理补发设备，无需邮寄。（附客户提供的支付截图）",,,
售后业务,注销类,1,为什么未满3年注销的时候要收取注销费用？,/,"您好，非常理解您的心情。向您说明一下，解悠ETC在办理时是免费的，其中包含硬件设备和发行相关投入。同时，ETC设备属于专用品，无法循环使用。

在整个ETC行业中，办理注销通常都需要缴纳一定费用，普遍在200—300元。相比之下，解悠提供的已是行业内较低的成本方案。",/,,,
售后业务,注销类,2,客户反馈在办理时没有告知服务费和违约金，要求免费注销（仅在客户要求免费注销可用）,"/
","【情况一：客户声称办理时未被告知收费】
您好，我非常理解您的心情。我们核查到，您本人手机号注册的账户确实已授权并签订了与解悠的线上电子协议。

这份协议中明确包含了关于服务收费标准的详细条款，这些条款在签约时都是清晰展示的，具有法律效力。
查询路径：您随时可以在微信中打开 “解悠货车服务”小程序，进入 【我的】→ 【我的合同】 页面进行查看核实。

(如果客户继续追问协议细节)

协议中明确约定了注销等相关业务的费用标准。我们作为服务平台，所有操作均严格依据您已签署的协议执行，这一点还请您知悉与理解。

【情况二：客户声称是业务员操作，本人未看协议】

您好，您说的情况我表示理解。从后台系统来看，注册、登录和协议签署等一系列关键操作，确实都是通过您本人的手机号和设备完成的。

这通常意味着，无论当时具体由谁手持手机操作，在法律和系统层面都视同为获得了您本人的现场授权。因此，这份由您账号签订的电子协议是合法有效的，公司需要依据协议约定来执行。

我们非常重视您的体验，但对于既成的有效协议，我们确实无法单方面豁免其中的条款，这一点还请您谅解。

",/,,,
售后业务,注销类,3,当客户不认可方案，威胁投诉时，要求我司告知公司地址,注：面对客户不认可方案，威胁投诉时，需要有风险预警意识，禁止告知我司具体地址。,"【处理客户索要公司地址的标准流程】
第一层级回应（委婉提供替代方案）

您好，我完全理解您想获取具体地址的需求。目前我们主要通过官方客服热线 400-0543-986 和官网在线客服为您提供服务，确保您的问题能得到及时专业的处理。所有线上业务都能通过这些渠道高效办理！

请问您具体需要办理什么业务？我很乐意为您协助。

第二层级回应（客户坚持要求时）

非常抱歉给您带来了不便。关于具体的办公地址，出于信息安全和运营管理的考虑，我们更推荐您通过官方渠道获取最准确的信息。您可以在搜索引擎中直接查询我司的工商注册全称：“解悠数字科技（南京）有限公司”，这样获得的信息将是最权威和及时的。",/,,,
售后业务,注销类,4,客户/代理进线要求加急注销,/,"【处理注销催促的标准流程】
第一层级回应（首次催促）

您好，非常理解您的心情。ETC注销需要经过标准的后台流程审核与系统同步，通常需要【3-4个工作日】完成。

请您放心，注销成功后系统会自动发送短信通知至您预留的手机号。请您耐心等待，感谢您的理解与配合。

第二层级回应（客户再次催促）

您好，您催促注销的需求我们已经详细记录，并再次为您提交至技术部门。

目前该流程已进入处理队列，具体的完成时间将以技术部门的实际处理进度为准。感谢您的耐心等待。

【代理渠道加急请求回应】

您好，关于注销业务的加急申请，我们客服端口没有直接的处理权限。

若您需要推动加急，建议您尝试通过内部渠道咨询您的上级主管，看是否有其他协调途径。我们这边也会严格按照流程规范尽快处理。",/,,,
售后业务,注销类,5,解悠设备注销流程及话术,"2023年7月4日之前激活的注销违约金为150元；
2023年7月4日到2023年10月15日期间激活的注销违约金为180元；
2023年10月16日之后激活的注销违约金为198元；
2024年6月19日之后黄牌/黄绿牌注销违约金为238元，蓝牌渐变绿牌违约金为198元

须知：
1.先让客户提供办理信息，并后台核实，核实账单结清后再发送注销话术；
2.代理提供行驶证，需要核实车牌号及车辆识别代码。
客服操作流程：
1.客户要求注销时需询问原因
2.针对客户表述的原因在可解决的范围内需提供合理方案进行解决（必要流程，意在挖掘客户客户真实的注销原因）
3.强调并使用解悠优势的话术
4.除风控黑名单类等特殊场景，其他场景下，客服不可直接引导客户进行注销（如客户抱怨不想用这个ETC了等）
5.请客户提供办理信息；
6.1“解悠ETC产品申请系统”网址→售后管理→注销申请，通过“办理手机号/车牌号”搜索需要注销的车辆并填写违约金及注销原因后再点击提交。
6.2“注销列表”可查看注销提交记录并告知客户通过“解悠货车服务”小程序“首页”的弹窗点击支付违约金，客户端支付成功之后会自动进入“账单核验中”。
注：客户端支付可能存在一个回调时间，所以需告知客户只要支付成功之后会自动进入注销流程。
7.坐席通过注销后台操作“人工结清”并上传带有订单编号的付款截图。","【ETC注销服务全流程指引】
第一步：确认注销原因与信息核实
【探寻原因】
您好，请问您是出于什么原因需要办理ETC注销呢？
【信息核实】
-对直接客户
好的，为您办理注销，需要请您提供：办理人姓名、联系方式、车牌号。
-对代理
好的，请您提供该车辆的行驶证。
-若代理无法提供行驶证：请您提供办理人姓名及手机号。

第二步：价值挽留（酌情使用）
非常理解您的选择。解悠ETC的核心优势就是省心、透明：办理时解悠ETC产品无押金，正常使用设备无保证金，0元拿设备（特殊情况除外），使用中除通道费和服务费外无任何隐形消费，所有费用清晰可见。后续遇到任何问题，我们专业客服也会全程协助解决。希望能继续为您提供这份保障，您看是否再考虑一下？

第三步：办理注销（根据使用年限）
【情况A：使用未满三年（需支付违约金）】
方案一：引导客户自助支付 - 首选
由于您的设备使用未满三年，注销需支付 [ ] 元的违约金。我们已为您发起申请。请您登录“解悠货车服务”小程序，在首页弹窗完成违约金支付。支付成功后，将自动进入注销流程，预计 3-4个工作日 完成，结果将短信通知您。
方案二：代理扫码支付 - 备选，需风险告知
若需代理支付，为保障双方权益，需向您说明：由此产生的错误注销及连带风险将由代理方承担。提供您的代理工号即视为同意此条款。请问您确认并提供工号吗？
方案三：提供付款码 - 最终方案
注销需支付 [ ] 元违约金。请您扫描付款码缴费，并提供带订单编号的付款截图给客服。我们提交后，预计 3-4个工作日 完成注销。（若为一人多车，需特别提醒确认车牌）
【情况B：使用已满三年或无需违约金】（直接办理）
已为您登记注销申请，预计 3-4个工作日 处理完成，注销成功后将短信通知您。

第四步：最终提示（通用）
（无论哪种情况，最后均需告知）
已为您登记注销，预计3至4个工作日注销完成，届时会有短信通知发送至您的办理手机号，现在需要您将ETC设备拔下来禁止再次使用ETC上高速，避免产生账单影响注销进度。",/,,,
售后业务,注销类,6,注销ETC时，之前开通的充电“即插即充”功能怎么关闭？为什么要关闭？,"1.通过【CRM聚合系统-基础信息-使用产品】核实客户是否办理过充电产品；
2.若办理过，则需要通过【充电后台-充电客户管理-车辆管理】查询注销车辆是否开通即插即充功能；
2.1若已开通即插即充，则告知客户需要将即插即充关闭，避免后期产生充电账单。
2.2若未开通即插即充，则无需引导。","【客户注销ETC，但办理过充电产品，且车辆已开通“即插即充”（需引导关闭）】

您好，我查到您之前办理过充电业务，这辆要注销的车（车牌号XXX）开通了“即插即充”功能。

这个功能就是，充电枪一插上，就会自动从您的ETC账户里扣费。为了避免以后产生您不知情的充电账单，建议您先把这个功能关掉。请您按照以下流程操作关闭即插即充功能：

打开“解悠充电”小程序，点击右下角的 “我的”

在“我的”页面找到并点击“即插即充”

进入后，请点击“关闭”即可。",/,,,
售后业务,注销类,7,过户车提交注销流程,"须知：
1.针对代理/经销商来提交注销：请其提供车牌行驶证件（客服后台审核行驶证的VIN码），若一致且付费可提交注销。
注：针对（小程序、解悠数字科技接口进线咨询），请按照以下情况受理。
一.过户车辆注销
1.个户行驶证：
①提供办理人姓名/手机号/注销车牌号/过户后行驶证；
②若办理人信息无法提供，则请提供过户行驶证、保单、绿本（三选二）；
③若以上信息都无法提供，请客服联系办理人进行核实，再提交注销。
2.公司户行驶证愿缴费注销：
①提供办理人姓名/手机号/注销车牌号；
②若办理人信息无法提供，则请提供行驶证、保单、绿本（三选二），客服并向原办理人核实情况后再提交注销。
注：
1.若原办理人不予注销情况下，请告知原办理人该行驶证为公司户且公司已提供相关证件，解悠按照ETC相关要求应当给予注销；
2.若公司户行驶证不愿缴费支付且原办理人不同意注销，请公司与原办理人自行协商处理。","【对代理（内部指引）】

步骤1：首选材料
您好，请提供该车辆的行驶证。

步骤1.1：备选方案（无法提供行驶证时）
若无法提供行驶证，请您提供办理人姓名、办理手机号及车牌号。

步骤1.2：最终方案（以上均无法提供时）
若以上信息均无法提供，请您从以下材料中任选其二提供：
行驶证、保单、车辆登记证（绿本）。

【对客户（外部沟通）】

您好，为了准确核实您的车辆信息，需要请您提供以下材料中的任意两种：
? 行驶证
? 保单
? 车辆登记证（绿本）

请您选择最方便的两种提供即可，感谢您的配合。",/,,,
售后业务,注销类,8,过户车辆不愿支付违约金处理方案,"1.客户进线反馈行驶证已过户，且已核实过户时，坐席正常解答，但客户仍不认可违约金，受理坐席可在提供的3次方案中，有一个兜底的方案[减免部分违约金]；
2.请按以下标准主动提供减免方案：
2.1 238元违约金 → 可减免至180元
2.2 198元/180元违约金 → 可减免至150元
2.3 150元违约金 → 可减免至120元
3.若客户认可上述减免方案，则提及注销，同时创建“投诉”工单至客诉专员
3.若客户对上述减免方案仍不认可，要求进一步减免或免费注销。创建工单至组长，提及投诉则建工单至客诉专员。
","您好，我们基于您反馈的实际情况，已为您启动了最终关怀方案。

经过与主管部门的特批沟通，我们成功为您申请了违约金减免。您当前需支付的金额已为您调整至 [XXX] 元。这已是我们目前能为争取到的最优处理方案。

希望这个方案能切实地为您解决问题。
","工单类型：投诉→投诉专员
模板：姓名、联系方式、车牌号，通过在线/400告知车辆已过户，现已核实过户材料，原违约金xxx元，现减免至xxx元提交注销，特此报备。

工单类型：业务回访→客服组长（提及投诉则转至客诉专员，工单类型：投诉）
模板：姓名、联系方式、车牌号，通过在线/400告知车辆已过户，现已核实过户材料，已告知减免方案，客户不认可，要求进一步减免/免费注销，烦请核实处理。
注：图片需要上传客户提供的行驶证、保单、绿本等。
",,,
售后业务,注销类,9,真实车主咨询注销，表示自己没有办理过我公司ETC，现要求免费注销。,"受理流程：
1.询问客户车牌号、联系方式；
2.与市场部确认：办理渠道，确认是否刷单行为，经销商是否已交保证金；
2.1若确认刷单，且已交保证金则免费注销；未交保证金需收取最低70元/台的违约金；
2.2若核实非刷单，则按正常流程收费注销；
3.接待客服登记工单至支持岗报备，并在注销系统中提交免费注销；
4.支持岗根据工单信息登记注销申请，同时登记刷单注销台账。","【情况一：确认刷单（符合免费注销条件）】

您好，您的情况我们已核实并完成特殊审批。

现在客服将为您提交注销申请，预计将在 3至4个工作日 内处理完成，注销成功后会有短信通知，请您耐心等待。

【情况二：确认非刷单（需支付违约金）】

您好，非常抱歉，经系统核查，您的账户不符合免费注销的条件。

由于您的设备使用未满三年，根据协议规定，本次注销需要支付 （请在此处填入金额）元 的违约金。

请您按以下流程操作：

1.请扫描下方的付款码完成缴费。

2.付款后，请提供付款成功截图给客服。

3.收到截图后，我们将立即为您提交注销申请，预计同样在 3至4个工作日 内完成。

（若为一人多车情况，需特别补充说明）
温馨提示：由于您名下登记了多辆车，请确保为需要注销的车辆正确缴费，并提供对应的车牌号。

",/,,,
售后业务,注销类,10,客户提问：注销车卖了，但ETC设备没有拔下来怎么办？,"1.后台操作单车拉黑，并备注原因“车卖了，设备没拔下来”；
注：在注销期间，一人多车不拉黑，注销车辆不会进入黑名单，故需要将客户注销车辆单车拉黑。
2.拉黑后正常为客户申请提交注销。
3.若客户已支付违约金，进线告知“设备忘记拔下来”等，则参考对客话术。","您好，为避免在注销审核期间产生不必要的通行账单，给您和新车主带来困扰，请您务必联系新车主：

立即将ETC卡片剪断，使其物理失效。

在您完成违约金支付后，我们将在【3-4个工作日】内完成注销。

注销成功后，系统会自动发送【短信通知】至您办理时预留的手机号，请您耐心等待并注意查收。",/,,,
售后业务,注销类,11,新车主注销ETC时，无法联系原办理人解除挂失，需要申请解挂,"新车主解除ETC挂失处理流程：
第一步：资料收集与发送
客户需提供以下材料：
个人车主： 新车主身份证正反面照片
单位车主： 单位营业执照照片 或 营业执照复印件加盖公章的照片、车辆行驶证照片
客服将上述材料发送至路网邮箱：etc_xuanzhuang@163.com
邮件标题格式建议：
解除挂失申请——车牌号XXXX——新车主办理
邮件正文需注明：
①来件单位/申请人信息（姓名/单位名称、联系电话）
②车辆车牌号
说明：新车主办理，原办理人无法联系，申请解除挂失。
第二步：内部流转与核实
路网核实：将车辆信息反馈至【网路智联群】处理。
第三步：结果反馈
解除挂失操作完成后，告知新车主注销时效。","关于您反馈的ETC注销问题，因无法联系原办理人解除挂失，现需要为您申请解挂，请您配合提供以下材料：
【如为个人车主】
请您提供身份证正、反面照片。

【如为单位车主】
请您提供单位营业执照照片或营业执照复印件加盖公章的照片、车辆行驶证照片。

收到材料后，我们会帮您反馈至相关部门核实处理，有结果后会第一时间同步给您，请您耐心等待。","
路网（网路智联→解悠数科货车ETC售后沟通）",,,
售后业务,注销类,12,解悠ETC注销进度查询,"客服查询产品后台系统核实提交日期，注销时效是3至4个工作日。
1.还在时效内，告知需要等待；                                     2.已经超出时效，查询产品后台系统是否注销成功；
2.1若注销失败，告知客户原因（如账单未结清；ETC挂失等）账单结清后（解挂后）重新反馈至支持岗提交注销。
注：如后台显示已注销，但是客户反馈还是无法办理，客服可微信搜索通行宝→资格查询占用情况，若核实还是为“统一平台前或路网占用”中，需要反馈网路智联群申请解占。","【ETC注销状态查询与处理指引】

【注销处理中】
您好，查询到您的车牌 [车牌号] 于 [XX月XX日] 提交的注销申请，目前正在正常处理中。注销流程通常需要【3至4个工作日】完成，成功后会有短信发送至您办理时预留的手机号，请您耐心等待。

【已注销成功】
您好，查询到您的ETC已成功注销，现在可以办理新的ETC业务了。

【因账单未结清导致注销失败】
您好，查询到您的车牌因尚有账单未结清，导致注销申请失败。请您先结清账单，然后反馈给我们，我们将为您重新提交注销申请。
（结清方式二选一）
1.将足额资金存入绑定银行卡，并联系我们发起补扣。
2.前往 “解悠货车服务”小程序 → 【通行账单】 ，操作手动还款。
3.还款成功后，请及时联系我们再次提交注销。注销仍需 3至4个工作日，成功后会有短信通知。

【因操作挂失导致注销失败】
您好，查询到您的车牌因在 “中国ETC服务”小程序 操作了挂失，导致注销失败。请您使用办理人微信登录 “中国ETC服务”小程序 → 【ETC服务】 → 【挂失】 ，操作 【解挂】。解挂成功后，请及时联系我们为您重新提交注销申请。注销仍需 3至4个工作日，成功后会有短信通知。","
路网（网路智联→解悠数科货车ETC售后沟通）",,,
售后业务,账单类,1,解悠ETC扣款方是哪边？（客户提问：这个账单是解悠扣费吗）,/,"您好，解悠ETC的通行费扣款方可能显示为以下五者之一，请您在银行APP的消费流水详情中仔细核实：

赋界恒岳(天津)科技有限公司

北京网路智联科技有限公司

解悠数字科技（南京）有限公司手续费账簿

中保商业保理有限公司

工银e缴费代理企业收款过度资金

请您核对扣款商户名是否与上述名称一致。",/,,,
售后业务,账单类,2,解悠ETC扣款规则是什么？,"一.出账单规则是每晚21点为当天高速账单节点时间。
二，扣款时间规则：
1.农行：每日不限制扣款笔数，单笔限额1万，单日限额2万，出账单后实时扣费，以及8：10、17：10、21：10、22：10划扣；
2.建行：单笔限额5万，单日限额20万，出账单后实时扣费，以及8：10、17：10、21：10、22：10划扣；                               注：针对农行和建行当天1：00至07：00之间出账并扣失败的账单，新增08：10扣款
3.工商：单笔限额2万元，单日限额5万元，月度无限额，出账单后实时扣费，以及17：05、21：05分划扣；                             注：工行扣款有两个小时的回调，若未回调成功，不会发起划扣，例如：当天20：30出账单并实时发起扣费，则21：05不会再次发起划扣。
4.其它银行：单笔限额2万元 (中信月限额15万元，其余无限额)，出账单后划扣3次：17：10、21：10、22：10；
5.微信支付：单日限额5000元，单日扣款次数5次，出账单后划扣5次：12：16、15：16、19：16、21：16、22：16。","【高速出账时间】
高速账单通常在您下高速后的6小时内生成。
当天21:00前出的账单，我们会当天进行划扣。
21:00后出的账单，则顺延到次日划扣。

【解悠扣款安排】
我们会在出账后首先尝试实时扣款。如果扣款失败，请您在以下对应时间点前，确保扣款账户（银行卡/解悠钱包）余额充足，系统会自动发起再次扣款：
农业银行：单笔1万，单日2万。请于【当天22:00前】备足资金。
建设银行：单笔5万，单日20万。请于【当天22:00前】备足资金。
工商银行：单笔2万，单日5万。请于【当天21:00前】备足资金。
其他银行（宝付）：单笔2万（中信银行月限15万）。请于【当天22:00前】备足资金。
微信（信用卡）：单日限额5000元。请于【当天22:00前】备足资金。
请您留意对应的补扣时间，提前准备好资金即可。",/,,,
售后业务,账单类,3,解悠ETC如何避免拉黑，什么时间拉黑,"1.手动还款不拉黑时间：
1.1农行、建行、宝付、微信渠道：当日晚上22：40至次日凌晨1：30，该时间段内手动还款ETC不会拉入黑名单；
1.2工行：当日晚上23：40至凌晨1：30，该时间段内手动还款ETC不会进入黑名单；
2.拉黑时间：系统于T+1日2：30自动对未划扣成功客户进行下黑操作。","【农行、建行、其他银行、信用卡】
自动扣款失败后，请于当天22:40至次日凌晨1:30，通过【解悠小程序】手动还款，避免ETC进入黑名单。

【工行】
自动扣款失败后，请于当天23:40至次日凌晨1:30，通过【解悠小程序】手动还款，避免ETC进入黑名单。

【未按时还款】
若未在指定时间内完成，ETC将于凌晨2:30进入黑名单，并产生5元恢复费+每日千分之一滞纳金。",/,,,
售后业务,账单类,4,逾期还款方式,"方法一
询问客户银行卡账户是否充足。
1.1如充足，协助客户发起保理轮扣并告知客户解黑时效；
注：解悠钱包余额不支持发起保理轮扣，只能等待系统固定时间补扣。
1.2如不充足，则提供方案2。
方法二
1.微信手动还款：微信搜索小程序“解悠货车服务”（ETC卡片后的二维码微信扫一扫）→通行账单→支付逾期→还款，支付成功4小时到24小时之后可以正常使用。
2.把钱存进去等待系统固定时间补扣：
(1)农行轮扣时间： 0点18、9点18、13点18、16点18、20点18这个时间段会进行划扣；
(2)建行轮扣时间： 0点18、9点18、13点18、16点18、20点18这个时间段会进行划扣；
(3)工行轮扣时间：04点38、13点38、20点38这个时间段会进行划扣；
(4)其他银行轮扣时间： 6点28、12点28、18点28进行划扣；
(5)微信通道轮扣时间： 2023年5月5日后办理的微信客户可在银行卡中自动划扣（时间： 06点28、12点28、18点28进行划扣，信用卡客户适用)， 2023年5月5日前办理的微信客户，不支持自动划扣方式，建议更换支付通道为农行或其他银行，才能进行自动划扣。","方式一【人工客服手动补扣】
请先确保您绑定的XX银行卡余额充足，我们将立即为您发起手动补扣。

非工行卡（后四位 XXXX）：已为您发起补扣，请关注1-2分钟内的银行流水。扣款成功后，ETC将在4至24小时内恢复使用。

工行卡（后四位 XXXX）：已为您发起补扣，请关注1-2小时内的银行流水。扣款成功后，ETC将在4至24小时内恢复使用。

方式二【存钱等待系统自动补扣】
请将足额资金存入绑定银行卡，系统将在以下固定时间点自动补扣，成功后ETC于4至24小时内恢复：

工商银行：04:38, 13:38, 20:38

农业/建设银行：00:18, 09:18, 13:18, 16:18, 20:18

其他银行及微信串宝付：06:28, 12:28, 18:28

方式三【客户主动通过小程序手动还款】
前往微信搜索“解悠货车服务”小程序（或扫描ETC卡背面小程序二维码）→ 进入“通行账单” → 点击“支付逾期”完成还款。支付成功后，ETC将于4至24小时内恢复使用。",/,,,
售后业务,账单类,,,"方法三
可申请对公转账案例：
1.1农行超10000元，次日可联系解悠在线客服申请对公转账；
1.2新车主/代理代原车主偿还逾期账单申请对公转账；","【对公转账信息通知】

应付金额：[请在此处填写金额] 元

单位名称：解悠数字科技（南京）有限公司

账号：125916877610000

开户行：招商银行股份有限公司南京分行营业部

开户行行号：308301006029

重要提示：转账成功后，请您务必将转账凭证截图或照片发送给解悠在线客服，我们将据此为您提交至相关部门处理，申请结清相关业务。","工单类型：收款对账-划扣→流转人（支持岗）
模板：通行ID、姓名、手机号、车牌号，客户因xx原因申请对公，请核实到账并结清。",,人工结清9901之前存到“交通银行南京江宁支行”的（320006637013001264862）后期将暂停使用。从3月1日开始替换为“招商银行”,
售后业务,账单类,,,"方法四
可申请扫二维码转账案例：
1.1新车主/代理代原车主偿还逾期账单申请扫二维码码支付；
2.2客户银行卡冻结且不会操作手动还款.对公转账等方式申请扫二维码码支付；","您好，您需要支付的金额为 [请在此处填写金额] 元。

请您使用微信扫描上方二维码完成支付。支付成功后，请务必将带有“订单编号”的付款成功截图发送给解悠在线客服。

收到截图后，我们将立即为您提交至相关部门，为您申请办结业务。","工单类型：收款对账-划扣→流转人（支持岗）
模板：通行ID、姓名、联系方式、车牌号，客户因xx原因申请扫码，请核实到账并结清。",,,
售后业务,账单类,5,逾期拉黑后还款，涉及哪些费用,"对公还款：通行费+服务费+千1滞纳金+保理恢复服务费（5元/次）
注：农行超10000元次日划扣失败的只收服务费，根据产品来看。
轮扣还款：通行费+服务费+千1滞纳金+保理恢复服务费（5元/次）
微信手动还款：通行费+服务费+千1滞纳金+千六微信通道费（微信收取）+保理恢复服务费（5元/次）；
扫微信二维码：通行费+服务费+千1滞纳金+保理恢复服务费（5元/次）+扫码手续费千六。","您好，我们已为您核实XXXX账单的详细构成：

通行费：XX元

基础服务费：XX元

账户恢复服务费（因逾期拉黑产生）：XX元

滞纳金（按每日千分之一计收）：XX元",/,,,
售后业务,账单类,6,首次账户恢复费5元退回注意事项,"1.客户进线反馈对账户恢复服务费不认可，坐席正常解答，但客户仍不满意，受理坐席可在提供的3次方案中，有一个兜底的方案[退回账户恢复费权限]。
2.在此之前需核实此客户是否是首次产生该笔费用（若前期退回过，则不予退回），再者观测客户的沟通态度与合作意愿。
注：查询是否退费记录：通过《客服部-返白费退款登记表》、CRM退款工单进行查询。
1.退费的流程需要以客户账单的支付渠道来判定。
1.1从绑定银行卡划扣、钱包划扣的客户需要退返白服务费：企微添加客户微信发红包。将通行ID、发红包截图、客户银行扣款截图走CRM工单[退款-报销申请]至支持岗。
1.2支付渠道[微信拉卡拉]支付：走CRM工单[退款-退款申请]至支持岗，并附客户提供的扣款明细截图。","【特殊关怀退费（最终方案）】

您好，我们非常重视您的体验。基于您遇到的特殊情况，我们已为您启动了一次性的特殊关怀通道，尝试申请费用减免。

需要向您明确说明的是：

本次申请是基于良好合作关系的特殊处理，后期将不再予以退回。

为确保您后续通行顺畅，请您务必保持绑定银行卡余额充足，避免因再次逾期产生不必要的费用，从而影响ETC的正常使用。

",/,,,
售后业务,账单类,7,客户提问：xxx车牌号，服务费是多少？,"1.黄牌费率：根据车辆列表-产品类型，及绑定银行渠道判断
1.1服务费千2+绑定渠道通道费；
（建行无通道费、农行万5通道费、工行万5通道费、其它银行千2.5通道费、微信信用卡渠道千2.5通道费）
1.2服务费千3.2+绑定渠道通道费；
1.3服务费千4+绑定渠道通道费；
2.次费版费率：根据车辆列表-产品类型判断
2.1次费版：按次收费，单笔通行费<15元，无服务费；单笔通行费≧15元，0.75元/次；单月45元封顶。
2.2次费版（新）：按次收费，单笔通行费＜15元时，无服务费；单笔通行费≥15元（但小于20元）时，0.75元/次；单笔通行费≥20元，0.95元/次；单月45元封顶，无通道费。
","【情况一：黄牌费率产品说明】
您好，为您查询到您车牌的服务费详情如下：
基础服务费：千分之 [XX]
绑定银行：[XX银行]
银行通道费：千分之 [XX]
合计总费率：千分之 [XX]
您的账单实际扣费由以上费用、高速通行费共同构成。

【情况二：次费版产品说明（旧版本）】
您好，经查询，您办理的是次费版产品，服务费按次收取，规则如下：
单笔通行费 ＜ 15元时，免收服务费。
单笔通行费 ≥ 15元时，收取 0.75元/次 的服务费。
单月服务费累计45元封顶。

【情况三：次费版产品说明（新版本）】
您好，经查询，您办理的是次费版产品，服务费按次收取，具体规则如下：
单笔通行费 ＜ 15元：免收服务费
15元 ≤ 单笔通行费 ＜ 20元：收取 0.75元/次
单笔通行费 ≥ 20元：收取 0.95元/次
月封顶：单月服务费累计45元封顶。",/,,,
售后业务,账单类,8,农行渠道通道费须知项,"1.在2025.4.1日前（不含2025.4.1号当天）绑定农行渠道，调整通道费率为0.05%（次费版-通道费为0）；
2.在2025.4.1日（含2025.4.1当天）至7.17日涨费版本上线前，绑定农行渠道，通道费率不变为0.02%（次费版-通道费为0）；
3.7.18日绑定农行渠道通道费为0.05%（次费版-通道费为0）；
4.客户加车规则一致，以农行渠道绑定时间为准（次费版-通道费为0）。",/,/,,,
售后业务,账单类,9,客户进线咨询新办绑定农行渠道涨费问题。,/,"尊敬的客户，您好。

因农业银行上调了与我司的合作通道费率，自 [2025年7月18日] 起，通过农行卡代扣ETC通行费的通道费率将调整为 0.05%。

若您希望继续享受更低的扣费成本，我们为您提供以下两种【0通道费率】方案：

【更换绑定银行卡】：建议您将代扣卡更换为 建设银行卡，即可恢复0通道费率代扣。

【使用解悠钱包】：您也可以开通 解悠钱包 并提前充值，使用钱包余额进行划扣，同样享受0通道费率优惠。

您可根据自身情况选择更便捷的方式，如需操作指引，我们可随时提供帮助。",/,,,
售后业务,账单类,10,客户提问：我的免拉黑券怎么用不了,/,"关于取消“免拉黑券”赠送的重要通知

您好，为更好地保障您的账户安全与信用，规避逾期风险，我司已于【2025年7月18日起】取消“免拉黑券”的赠送服务。

请您务必关注账单，按时还款，以免账户逾期影响您的ETC正常使用。感谢您的理解与支持！",/,,,
售后业务,账单类,11,客户提问：滞纳金怎么变高了,/,"尊敬的客户，您好。

为有效防范因逾期可能引发的账户风险，确保您能持续享受稳定、高效的通行服务，根据《用户协议》相关约定，我司于【2025年7月18日】起，取消滞纳金的5折优惠，恢复按每日【0.1%】的正常标准收取。

请您后续继续保持良好的还款习惯，按时还款，以免产生额外费用并影响账户状态。感谢您的理解与支持！",/,,,
售后业务,账单类,12,客户提问：为什么导出的账单金额与之前的金额不一致,"以往系统金额计算都是按照四舍五入保留两位小数的计算的
，从2025年7月18日调整规则为0舍1入保留两位小数。
例如：计算后金额为1.0001，保留两位小数是1.00；计算后金额为1.001，保留两位小数是1.01；以此类推小数位第三位为1及以上就进位。
1.调整范围：日结和周结账单服务费、通道费、滞纳金的计算。","【关于计费金额计算规则调整的说明】

尊敬的客户，您好。

为提升计费准确性，我司将对系统金额的计算规则进行优化：

既往规则：四舍五入，保留两位小数。

调整后规则：自【2025年7月18日】起，将采用 “0舍1入” 的原则保留两位小数。

规则举例：

若计算结果为 1.0001 元，保留两位小数后为 1.00 元。

若计算结果为 1.001 元，因小数第三位为 1，则进位为 1.01 元。

此次调整旨在确保计费更加精准公平，感谢您的理解与支持！",/,,,
售后业务,账单类,13,逾期还款成功后什么时间解黑？,/,"您好，您的还款已成功。账户通常将在【4至24小时内】自动恢复使用。

需要向您说明的是，由于全国各省市高速路口接收系统指令的时间存在差异，因此具体恢复时间点会因您通行的收费站而略有不同。

请您耐心等待系统全面同步，感谢您的理解。",/,,,
售后业务,账单类,14,当天扣款失败后，扣款失败短信提醒时间,"1.倒数第二次划扣失败：针对农行、建行、宝付，21：40对划扣失败的，会进行短信提醒；
2.最后一次划扣失败：工行、农行、建行、其它银行，22：40对划扣失败的，会进行短信提醒，未结清会进入黑名单；
3.微信以最后一次划扣失败时间发送扣款失败短信；","您好，关于扣款失败短信的发送规则向您说明如下：

短信将通过您绑定的银行渠道发送。经查询，您当前绑定的是 [XX] 渠道。

扣款失败短信发送时间安排：

倒数第二次划扣失败提醒 (21:40)：适用于农业银行、建设银行、宝付渠道。

最后一次划扣失败提醒 (22:40)：适用于工商银行、农业银行、建设银行及其他所有银行渠道。

重要提示：若最后一次划扣仍未成功，账户将会进入黑名单状态。微信渠道的提醒时间与最后一次划扣失败时间同步。",/,,,
售后业务,账单类,15,农行单笔限额超1万划扣失败的处理办法,"农行有单笔限额1万，农行单笔超1万实行不拉黑，客户需要在规定时间（次日17点前）结清账单，若该时间段未结清账单，ETC会进入黑名单。
处理办法：
1.可以换绑其它的银行卡，目前就农业银行渠道有单笔限额1万元的问题；
2.开通解悠钱包将钱充值进钱包等待自动划扣，需要联系解悠客服开通解悠钱包优先扣款功能；
3.若客户不想开通解悠钱包也没有其它银行可以绑定划扣，则可联系解悠在线客服进行对公转。","【关于农业银行划扣限额的说明与处理方案】
一、问题说明与政策
您好，特别向您说明：由于农业银行设有单笔1万元的划扣限额，超过此金额的账单将导致划扣失败。
重要政策：因此类情况导致的失败，系统会给予宽限，不会立即拉黑。但您必须在次日17:00前手动结清该笔账单，若未按时处理，您的ETC仍会进入黑名单。

【二、推荐解决方案（首选）】

为解决此问题，我们为您提供以下两种便捷方案，可任选其一：

方案一：更换绑定银行卡
建议您将代扣银行卡换绑为其他银行（如工行、建行等），即可避免单笔限额问题。

方案二：使用解悠钱包
您可以开通并充值解悠钱包，系统会自动优先从钱包余额中划扣账单，无单笔限额困扰。

三、最终解决方案（备选）
（若以上两种方式均无法操作）
方案三：对公转账
请您通过银行对公转账处理，具体信息如下：
转账金额：[XX] 元
单位名称：解悠数字科技（南京）有限公司
账号：125916877610000
开户行：招商银行股份有限公司南京分行营业部
开户行行号：308301006029
重要提示：转账成功后，请务必将转账凭证提供给在线客服，我们将立即为您提交至相关部门处理结清。","工单类型：收款对账-划扣→流转人（支持岗）
模板：通行ID、姓名、联系方式、车牌号，客户因xx原因申请对公，请核实到账并结清。",,,
售后业务,账单类,16,微信当天划扣次数上限5次，金额上限5000元,微信渠道超限额，客户可手动还款或对公转账，若后期再有超限额情况，让客户转化支付渠道；,"您好，温馨提醒，通过微信渠道自动还款有单日5000元的限额。

若您的账单金额超出此限额，建议您：
立即处理：前往 “解悠货车服务”小程序 手动还清剩余账单。
备选方案：或联系解悠在线客服，通过对公转账方式完成支付。
账单结清后，为避免影响日后通行，建议您将支付方式更换绑定至其他渠道（如其他银行卡或解悠钱包）。",/,,,
售后业务,账单类,17,关于新车主/风控黑名单的车辆，代理或客户进线告知“自己还款/公司还款”，但对逾期还款总金额有疑问（如：查询本金及服务费分别多少、要求减免、纠结滞纳金等情况）的处理流程,"1.走催收业务回访”工单至风险部。
1.1工作日的工单直接流转至风险部，节假日及周末走工单并微信联系董刚转发工单描述事件，处理时效：当天18点前。
注：若客户有时效要求，则将客户信息（姓名、联系方式、车牌号）发至“客服部群”@董睿旋。","您好，您的情况我们已详细记录，并提交至技术部门进行核查。

请您保持通讯畅通，我们预计在今日18:00前会有专人通过电话与您联系。感谢您的耐心等待。","工单类型：催收及业务回访→流转人（风险组）
模板：客户，联系方式，代理/新车主通过在线咨询xx车牌号逾期账单金额，现对逾期金额有疑问/要求减免，烦请联系。
",,,
售后业务,账单类,18,客户进线咨询账单总金额,"1.优先作引导告知客户，自主查询方式。例如：（解悠小程序查询账单金额）
2.若客户不愿意自主查询，则由客服计算金额，并告知客户。","您好，您可以通过以下路径查询账单总额：

进入【解悠货车服务】小程序 → 点击【通行账单】→ 即可查看该笔账单的详细金额。

如需具体金额解读，我也可以为您实时查询。",/,,,
售后业务,账单类,19,主动还款失败报错提示：【下单账号与支付账号不一致】、【系统处理失败，请稍后再试】、【无效的openid】,"1.移除小程序后，重新搜索进入小程序；
2.在解悠小程序退出登陆并重新登陆。","【方案一：清除缓存（基础操作）】

您好，此问题可能是由于小程序缓存异常导致。
请您先彻底关闭并移除当前的“解悠货车服务”小程序，然后重新在微信中搜索进入即可恢复正常操作。

【方案二：重置登录状态（进阶操作）】

您好，此报错需要您刷新登录状态，请按以下步骤操作：
1.进入 “解悠货车服务”小程序，点击 【我的】 → 【退出登录】。
2.退出后，重新进入小程序。
3.在登录页面，请务必选择 【获取手机号并验证登录】 的方式（即通过接收短信验证码完成授权）。
4.登录成功后，即可重新尝试还款操作。",/,"=DISPIMG(""ID_4D27BA814FF64FEA98BE6484AC014354"",1)","=DISPIMG(""ID_8C2ABD7B47994DC2BE8E4198F4DC9E95"",1)",
售后业务,售后业务类,1,已激活设备更换绑定银行卡（微信渠道）（暂停维护）,"客户操作：
1.微信搜索公众号：微信车主服务→车主服务→ETC→车牌号点进去→暂停→关闭→右上角三个点删除车牌；
2.再去解悠小程序→我的→支付方式→微信支付绑定想要绑定的信用卡；
3.微信搜索公众号：微信车主服务→车主服务→ETC→车牌号点进去，核实绑定银行卡及是否自动扣费生效中。
客服操作：“客户列表”核实绑定渠道。","【更换绑定信用卡操作指引】
您好，如需更换绑定的信用卡，请您按以下步骤操作，完成后请联系我们核实结果：
第一步：解除原有授权
1.微信搜索并进入 【微信车主服务】 公众号。
2.点击 【车主服务】 → 【ETC】。
3.选择您的车牌号进入 → 依次操作 【暂停】 → 【关闭】 自动扣费。
4.最后点击页面右上角的“…”，【删除】 该车牌。

第二步：重新绑定新卡
1.前往 “解悠货车服务”小程序。
2.进入 【我的】 → 【支付方式】。
3.点击 【微信支付】，重新绑定您想要使用的信用卡。

第三步：验证绑定结果
1.再次进入 【微信车主服务】 公众号。
2.路径同上：车主服务 → ETC → 选择您的车牌。
3.在此页面核实两件事：
4.绑定的银行卡是否正确。
5.自动扣费服务是否显示为 “生效中”。

完成以上所有步骤后，请您联系解悠客服，我们将为您在后台核实渠道是否已成功绑定并生效。",/,,,
售后业务,售后业务类,2,微信渠道的收费标准（微信串宝付）,"
1.微信渠道实际扣费金额：通行费＋服务费＋千2.5通道费。
1.1客户实际服务费扣费是以9901后台实际服务费进行扣费；
1.2“解悠货车服务”小程序的服务费展示栏是以9901后台对外服务费进行展示。
","【情况一：解释单独扣费的几元或几毛】

您好，您绑定的微信信用卡渠道，其扣款规则如下：
1.微信渠道扣款：通行费 + 服务费 + 0.25%通道费
2.服务费单独扣款：您查询到的这笔小额扣款，是通行该路段产生的服务费。这部分费用会单独从您绑定的储蓄卡中进行划扣。
因此，您在通行账单中看到的是总金额，而服务费会体现为一次单独的储蓄卡扣费记录。

【情况二：解释服务费计算公式】
您好，关于服务费与通道费的具体比例，是由我司与对应的支付渠道（如微信）根据合作协议共同协商确定的。
作为用户端，您实际的扣费金额始终以 “通行费 + 服务费 + 0.25%通道费” 这个公式为准。这是我们与渠道合作的标准计费模式。",/,,,
售后业务,售后业务类,3,微信串宝付渠道注销相关事项,"微信串宝付渠道的客户，提交注销/绑定银行卡/新办，需要核实账单及服务费是否结清。

1.信息收集与核查

①客服收集客户信息：办理人姓名、车牌号、联系电话。
②确认客户确实因“串宝付渠道服务费未结清”导致受限。

2.导出通行记录

①操作人员需使用指定设备（总监办公室的电脑） 登录相关后台。
②根据客户车牌号或办理手机号，导出该客户通行记录（含费用明细）。

3.费用核验

①对导出记录进行人工核对，区分服务费和渠道费两项费用。
②本次仅结清服务费，渠道费暂不处理（记录备查）。

4.人工结清服务费

①将还款方式（对公转账或微信扫码）和所收取的费用金额明细发送给客户，引导客户支付。
②收集带有订单编号支付成功的截图,并创建工单流转当日在班组长，组长流转至技术处理结清。
③技术处理后将处理结果通过工单流转回原客服。

5.结果确认与通知客户

客服将处理结果告知客户，并引导其后续操作。

注：
①23年5月5日之前的不累计。
②若是纯微信渠道的客户，服务费无须结清。","【关于服务费未结清无法注销的处理方案】

【告知状态与原因】

您好，经查询，您当前绑定的是微信渠道，系统显示您尚有 [X] 笔服务费未结清，因此暂时无法为您提交注销申请。

【提供解决方案（首选方案：自动划扣）】

方案一：等待自动划扣（推荐）
请您将 [XX] 元 存入之前绑定的储蓄卡中，系统将在今晚 22:30 自动进行划扣。
划扣成功后，请您再次联系我们申请注销。我们的客服在线时间为 每日8:00 - 21:30，届时我们将为您及时处理。

【提供备选方案（客户着急时）】

方案二：扫码支付（加急处理）
如果您比较着急，可以选择扫码支付以快速结清。
支付金额：[XX] 元
操作流程：请您扫码支付，成功后务必将带有“订单编号”的付款截图发送给在线客服。
后续处理：我们收到截图后，将立即为您反馈至相关部门申请结清，以便推进注销流程。

方案三：对公转账
应付金额：[请在此处填写金额] 元
单位名称：解悠数字科技（南京）有限公司
账号：125916877610000
开户行：招商银行股份有限公司南京分行营业部
开户行行号：308301006029
转账成功后，请您务必将转账凭证截图或照片发送给解悠在线客服，我们将据此为您提交至相关部门处理，申请结清相关业务。",/,,,
售后业务,售后业务类,4,客户微信支付方式解绑后重新申请签约失败（暂停维护）,"1.微信搜索“微信车主服务”公众号→登录并绑定车辆信息；点击关闭服务； 
2.进入ETC管理界面→点右上角图标→再点击“删除ETC车牌”；
3.返回解悠重新签约。","您好，此报错需要您解除原有授权后重新签约，请按以下步骤操作：

第一步：解除原有授权

1.微信搜索并进入 “微信车主服务” 公众号。

2.登录后，找到并管理您的车辆信息，点击 【关闭服务】。

3.进入ETC管理界面，点击右上角的“…”或设置图标。

4.选择 【删除ETC车牌】，确认解除。

第二步：重新签约

1.完成以上操作后，请返回 “解悠货车服务”小程序。

2.按照页面提示，重新完成签约流程即可。",/,,,
售后业务,售后业务类,,如何更换银行卡？,"同行渠道需要联系解悠客服解绑后再进行操作绑定；
1.建行储蓄卡：解悠小程序→我的→支付方式→建设银行，点击去绑定（将绑定变成使用中）。
2.工行储蓄卡：解悠小程序→我的→支付方式→工商银行，点击去绑定（将绑定变成使用中）；
3.农业储蓄卡：解悠小程序→我的→支付方式→农业银行，点击去绑定（将绑定变成使用中）；
4.其他银行储蓄卡：解悠小程序→我的→支付方式→选择其他银行，点击去绑定（将绑定变成使用中）；","【更换绑定银行卡服务指引】

第一步：确认需求
您好，后台查询到您当前绑定的是 [XX]银行。请问您需要更换为哪家银行的卡片呢？

第二步：根据客户选择提供对应方案

【情况A：同行换绑（更换至同一家银行）】

（确认操作）
好的，您这是在同行渠道内更换卡片。我们需要先为您解绑原有的 [XX]银行卡，请问确认现在解绑吗？

（执行解绑与指引）
已为您完成解绑。请您等待5分钟后，按以下路径操作绑定新卡：
进入 解悠小程序 → 【我的】 → 【支付方式】 → 选择 [XX]银行 → 点击 【去绑定】，按提示完成操作直至状态显示为 “使用中”。

【情况B：非同行换绑（更换至不同银行）】

（直接指引）
好的，请您直接按以下路径操作即可：
进入 解悠小程序 → 【我的】 → 【支付方式】 → 选择 [XX]银行 → 点击 【去绑定】，按提示完成操作直至状态显示为 “使用中”。

第三步：最终确认与提醒

（无论哪种情况，绑定后统一回复）
已为您查询，后台显示换绑已成功！

温馨提示：请您后续保持新绑定银行卡余额充足，以免划扣失败影响您的正常通行。",/,,,
售后业务,售后业务类,5,激活成功查看车辆类型,/,"您好，查询车辆类型请按以下路径操作：

微信搜索并进入 “中国ETC服务” 小程序。

点击右下角 【我的】。

在页面中找到并点击 【我的车辆】。

即可在车辆列表中查看您车辆的详细信息，包括车辆类型。",/,,,
售后业务,售后业务类,6,查询以往通行账单记录,/,"您好，查询通行记录及账单详情的路径如下：

微信搜索并进入 “解悠货车服务” 小程序。

登录您的账户。

在【首页】即可找到 【通行账单】 入口，点击进入即可查看所有历史记录与详情。",/,"=DISPIMG(""ID_99554658737645D291C5100A3660C512"",1)",,
售后业务,售后业务类,7,如何开通账单推送功能；解悠ETC账单为什么没有收到账单提醒？,"
若客户反馈之前能正常收到账单推送，
1.首先在后台-客户列表-操作-用户设置查询[账单推送]是否开启，若已开启：
1.1需要客户核实“解悠数字科技”公众号关注状态，需要确认已关注；
1.2客户确认已关注，则让客户解悠货车服务小程序退出登陆，用手机号获取登陆即可。
2.若未开启，则受理客服开启账单推送功能，再让客户的解悠货车服务小程序退出登陆，用手机号获取登陆即可。","【账单推送功能服务指引】

情况一：指导开通账单推送功能

1.您好，开通账单推送功能请按以下步骤操作：
2.关注公众号：微信搜索并关注 “解悠数字科技” 公众号。
3.登录小程序：微信搜索并登录 “解悠货车服务” 小程序。
4.完成开通：完成以上两步后，下次产生新账单时，您就能通过 “解悠数字科技” 公众号收到账单推送了。

情况二：功能未开启或状态异常（自助解决方案）

需要您核实下您的“解悠数字科技”公众号是确认关注的状态。
若确认关注，请您前往 “解悠货车服务”小程序，先退出登录，然后再次选择 【获取手机号登录】 的方式重新授权登录即可恢复。",工单类型【9901划扣问题】,,,
售后业务,售后业务类,8,如何查询绑定的银行卡号,"客服操作：
1.查看绑定银行卡号（解悠小程序 → 我的 → 支付方式查看，客服后台“客户列表”也可查看）；
注：微信支付渠道需要客户去“微信车主服务”公众号前往查询看到绑定的银行卡信息。","【查询绑定银行卡信息指引】

方案一：自助查询指引（首选）
您好，您可以通过以下路径轻松查看绑定的银行卡信息：
请进入 “解悠货车服务”小程序 → 登录后点击底部 【我的】 → 选择 【支付方式】，即可查看您已绑定的银行卡详情。

方案二：代理或无法操作时代查
（直接告知安全信息）
您好，已为您在后台查询：
绑定银行：[XX]银行
卡号后四位：[XXXX]
此为基于信息安全的查询结果，如需查看完整卡号建议通过小程序自助查询。

方案三：微信信用卡渠道特殊指引
（渠道区分说明）
您好，查询到您绑定的是微信信用卡渠道。
因此需要请您通过以下方式查看：
微信搜索并进入“微信车主服务”公众号 → 在ETC服务管理中即可查看绑定的信用卡完整信息。",/,,,
售后业务,售后业务类,9,扣款失败原因：空白/未知错误,收集客户信息（姓名、手机号、车牌号、通行ID）反馈9901技术群进行查询,您好，您反馈的划扣失败问题我们已加急提交技术部门核查。我们会在收到回复后的第一时间主动告知您，请您耐心等待。,/,,,
售后业务,售后业务类,10,扣款失败原因：建行有效期到期,"客户绑定的建行卡有效期已过，因为建行芯片卡一般有效期是5至10年，需要携带客户证件前往银行柜台办理换卡等相关业务，近期建议客户更换一张银行卡进行扣费，避免影响车辆ETC通行。
注：
1.若账单客户已手动还款成功，建议告知客户产生账单后晚上不拉黑还款时间或告知客户换绑银行卡。
2.若客户未将逾期账单结清，一定需要告知客户手动还款的步骤。","
【关于建行卡过期导致ETC扣款失败的处理方案】

1. 问题说明与长期建议

您好，您绑定的建设银行芯片卡有效期通常为5-10年，目前卡片已过期。

长期解决方案：建议您携带身份证件前往建行柜台办理换卡业务。

近期应急方案：为避免影响ETC通行，请尽快更换一张其他有效的银行卡作为扣款账户。

2. 逾期账单处理指引

您好，由于银行卡过期，您有ETC通行账单划扣失败并逾期。请您按以下步骤手动还款：

微信搜索进入 “解悠货车服务” 小程序（或直接扫描ETC卡片背后的二维码）。

点击 【通行消费】 → 【支付逾期】。

完成支付后，ETC将在 4-24小时内 自动恢复正常使用。

后续优化建议：结清账单后，建议您更换绑定其他银行卡片，或开通解悠钱包并充值进行划扣，以绝后患。

3. 待支付账单处理方案

您好，查询到您有待支付账单。若您暂时无法绑定其他银行卡，我们提供以下方案：

推荐方案：立即开通 解悠钱包 并充值，系统将自动划扣。

备选方案：您也可在 今晚22:40至次日凌晨1:30 期间，通过小程序手动还款。在此时间段内操作，ETC账户不会被拉黑。",/,,,
售后业务,售后业务类,11,扣款失败原因：绑定关系不存在,"若后台客户绑定银行状态正常，则可能是客户端操作解绑，需要解悠后台解绑后，让客户重新绑定。
注：若有账单未结清需要告知客户还款方式。","您好，此报错需要我们先在后台为您解绑当前支付渠道。解绑完成后，请您按以下路径操作：

1.进入 “解悠货车服务”小程序 → 【我的】 → 【支付方式】。

2.在银行列表中选择您需要绑定的其他银行。

3.点击 【去绑定】，并按提示完成操作，直至状态变为 “使用中”。

4.绑定成功后，请您留意下一期账单的划扣状态。如有任何问题，请及时联系我们为您进一步排查。",/,,,
售后业务,售后业务类,12,扣款失败原因：功能尚未开通，请通过交易安全锁设置,"需要客户联系银行客服或前往银行柜台询问如何将交易安全锁解锁。
注：若有账单未结清需要告知客户还款方式。","您好，此报错是由于您银行卡的“交易安全锁”功能未开启或受到限制导致的。

请您直接联系发卡银行的官方客服，或【携带身份证与银行卡】前往【银行柜台】，咨询并办理“交易安全锁”的解锁或开启业务。",/,,,
售后业务,售后业务类,13,"扣款失败原因:协议号已解绑,该笔订单不存在","1.方案一：需要协助客户解绑银行卡，解绑后引导客户重新绑定。

如方案一无法解决，递进方案二协助服务。

2.方案二：需要客户联系银行客服或前往银行柜台核实卡状态，若卡状态正常则流转工单至【客服组长】处理。
注：若有账单未结清需要告知客户还款方式。","【方案一对客话术】

您好！关于您遇到的报错，需我处帮您解除所绑定的银行卡，解除绑定后，您重新绑定，请确认是否需要解绑？

已为您解绑，请您直接按以下路径操作即可：
进入 解悠小程序 → 【我的】 → 【支付方式】 → 选择 [XX]银行 → 点击 【去绑定】，按提示完成操作直至状态显示为 “使用中”。

【方案二对客话术】

您好！关于您遇到的报错，建议您先联系发卡银行，确认您的银行卡状态正常（例如是否冻结或限额）

确认没问题后，您可以再次联系我们，我们一定会第一时间为您进行深度排查。",工单类型【9901划扣问题】,"=DISPIMG(""ID_6503F7694C3643A0B81A1B0DA9AD3679"",1)",,
售后业务,售后业务类,,,,,,,,
售后业务,售后业务类,14,建行有效期到期，为什么充值可以，划扣不行？,因为转账是通过APP转账的，不受有效期限制，但代扣.刷卡等用卡行为是会因有效期而失效的。,"您好，向您说明一下：通过手机银行APP主动转账不受银行卡有效期限制，但ETC代扣、POS机刷卡等被动扣款业务，会因卡片过期而自动失效。

为确保您的ETC能持续正常使用，建议您尽快选择以下任一方案：

1.更换银行卡：绑定一张您名下仍在有效期内的其他银行卡。

2.使用解悠钱包：开通并充值解悠钱包，系统将优先从钱包余额中划扣账单，无需担心卡片过期问题。",/,,,
售后业务,售后业务类,15,策略管理黑名单原因提示：1天未支付等,受理客服通过[9901系统-通行记录]查询划扣失败原因，并告知客户划扣失败原因及逾期还款方式、解黑时效。,"【ETC逾期黑名单处理方案】

第一步：确认问题并主动提供帮助
您好，经查询，您的ETC因[XXXX原因]导致一笔逾期账单划扣失败，目前账户已进入黑名单。
请问您现在绑定的银行卡余额是否充足？如果充足，我们可以立即在后台为您发起补扣尝试。

第二步：处理客户响应

【情况A：客户确认余额充足】（执行补扣并告知后续）

好的，已为您发起补扣。
请您关注银行扣款短信或流水。补扣成功后，您的ETC将在 4到24小时内 自动恢复使用。由于全国系统同步需要时间，请您耐心等待。

【情况B：客户未回复或需要手动操作】（提供备选方案）

您好，若您方便，也可以手动还款以快速处理。手动还款路径：
1.微信搜索 “解悠货车服务”小程序（或直接扫描ETC卡片背后的二维码）。
2.点击 【通行消费】 → 【支付逾期】。
3.完成支付后，ETC同样将在 4到24小时内 恢复正常使用。",/,,,
售后业务,售后业务类,16,策略管理黑名单原因提示：狮桥-小贷逾期,受理客服通过[产品后台-逾期管理]查询狮桥小贷是否逾期进入黑名单。核实进入黑名单，则告知客户黑名单原因、还款路径及客服热线、解黑时效。,"您好，经后台查询，您的ETC账户因在 “普惠” 平台存在贷款逾期记录而被关联进入黑名单状态。

此问题需要您自行联系普惠金融官方客服热线【95787】，咨询并办结相关还款业务。

待您还款成功后，请耐心等待【4至24小时】，ETC系统将自动更新状态并恢复使用。",/,,,
售后业务,售后业务类,17,客户反馈通行费多扣费怎么办？,"1.核实车型是否办理正确；（以后台行驶证副页及询问客户车轴数进行排查）
2.核对通行账单，及金额；
注：
1.若客户告知与同行车辆扣费不一致的情况，请确认车型、路段是否一致，且上报条件需要同时附上两辆车的上下高速的时间及站点名称；
（若与同行车辆走的相同路段，但时间不一致，可能涉及时间化差异优惠）
2.若是集装箱，需要客户提供集装箱预约截图一并登记上报。
（湖北路段：集装箱无须预约，可不提供集装箱截图）","【ETC费用争议处理流程】
第一步：确认问题账单
您好，请问您认为具体是哪一笔账单存在多扣费的情况？

第二步：核实信息并确认事实
您好，我们已核实您的车辆办理信息准确无误。
您提到的该路段通行账单构成如下：
通行计费金额：[XX] 元
平台服务费：[XX] 元
账单总金额：[XX] 元
请问您之前确实通行过该路段吗？

第三步：根据排查结果提供解决方案
【引导客户自行联系高速（首选）】
（情况说明与建议）
您好，由于所有通行费用的计费和数据均由高速公路方直接生成并下发，我们建议您拨打全国高速客服热线 95022，然后按 9（投诉与建议） 再转 1（费用争议），向官方直接核实此笔费用的准确性。
（服务承诺）
请您放心，若高速方核实确为多扣费，款项会原路退回至您的账户。

【客户不愿自行联系，由我方协助上报】
（受理与告知流程）
好的，我们理解您的需求。解悠将为您把该笔账单作为异常工单上报至高速方进行核查。
（管理预期）
此类核查的官方回复周期通常需要 3至4个工作日，届时会有专人通过电话或短信告知您最终结果，请您耐心等待。","工单类型：通行异常→流转人（客服组长）
模板：车牌黑A12345，2023年12月11日 15：24：45从江苏苏南硕放机场收费站上高速至12月11日16：18：10江苏甪直站下高速，通行金额为：25.69元；客户反馈之前下高速金额为23元左右，联系95022说ETC账单为解悠出，需要联系解悠处理。",,,
售后业务,售后业务类,18,高速多收费，客户咨询退费进度,"客服查询9901后台→通行管理→退款管理进行查询。
1.未查询到退费流水记录；                                                                   2.已收到退费流水记录，解悠未退费；                                                3.已收到退费流水记录，但客户未支付通行费；
4.高速和解悠都已退费成功。","【高速退费查询与处理全流程指引】

【情况一：未收到高速退款流水】
您好，经查询，我司后台暂未收到高速方发送的退款流水记录。
根据流程，我们需要在收到该流水后方能为您操作退款。建议您直接拨打高速客服热线 95022，按[9]再转 [2]，向高速方申请尽快处理并发送退款流水。

【情况二：退款处理中】
您好，我们查询到高速方已于 [XX月XX日] 将退款流水发送至我司。
目前退款已进入我司财务流程，预计需要 5至7个工作日 处理完毕。请您近期留意银行账户的资金变动。

【情况三：因欠费无法退款】
您好，我们查询到高速方已于 [XX月XX日] 发送退款流水。
但由于您当前有通行费尚未支付，按照高速方规定，我们无法直接为您办理退款。请您先及时结清欠款，支付成功后系统将自动启动退款流程。

【情况四：退款已完成】
您好，我们查询到我司已于 [XX月XX日] 将退款 [XX元] 原路退回至您的 [XX银行] 账户。
请您登录手机银行查询支出流水进行核对。如仍未到账，可联系银行客服确认在途资金情况。",/,,,
售后业务,售后业务类,19,我有笔高速多收费，收到短信让联系你们退费,"1.核对高速退款订单及退款明细（确认有退款订单后继续沟通）；
2.收集银行卡信息要素（预留银行卡号以及对应开户行名称）；
3.告知客户退款时效，并登记CRM工单【退款/高速多收费退款】至支持岗。","【表明官方身份，消除疑虑】
您好，您接到的AI电话与短信都是我们公司主动发起的高速多收费退款通知，请放心。

【确认有退款订单后，收集信息】
经查询，您确实有XX笔多收费。为了把退款打到您的账户，需要您提供：
1.开户人姓名
2.收款银行卡号
3.开户行全称（例如：中国建设银行北京朝阳支行）

【告知退款时效】
感谢您的配合，退款工单已成功提交登记，预计5-7 个工作日退至您提供的银行卡内，届时请您关注银行卡流水到账情况。",工单类型【退款/高速多收费退款】,,,
售后业务,售后业务类,20,后台“退款管理”相关注意事项,"1.原宝付-工商银行渠道、解悠钱包、周卡
若后期针对该渠道客户反馈高速多收费退差额未原路退回至绑定银行卡中的相关问题，需告知客户是退回至解悠钱包中。","您好，我们已为您核实到退款详情：

绑定渠道：[XX]渠道

退款到账时间：[XX年XX月XX日]

到账账户：您的解悠钱包

您可通过以下路径查询：进入【解悠货车服务】小程序→【我的】→【解悠钱包】查看余额及流水明细。",/,,,
售后业务,售后业务类,21,子母车怎么过收费站？,/,"您好，您可以通过高速小程序临时控制ETC设备的开关状态。

操作路径：请在“中国ETC服务”小程序中，进入 【ETC服务】，即可找到 【停用/启用】 按钮，按需开启或关闭您的ETC设备",/,,,
售后业务,售后业务类,22,拉绿通怎么办？,"1.提前2小时在中国ETC服务小程序上进行绿通预约，上下高速会核验，核验通过即可。
2.预约流程：微信搜索“中国ETC服务小程序”，进入后点击通行预约，最后点击绿通预约即可。
3.如果未在小程序操作预约，走了ETC通道，可以申请退费；建议把卡拔下来再走人工通道，这样不会被感应到扣费，人工检验合格后，是不收费的。
注：单片式处理方式：在“中国ETC服务”小程序中，点击全部服务找到停用，和启用按钮，可以临时开启或关闭ETC设备。","您好，办理绿色通道预约，您可以通过以下两种方式任选其一：

【方案一：官方小程序预约（推荐）】
微信搜索“中国ETC服务”小程序 → 登录 → 在首页找到并点击 【预约通行】 → 选择 【绿通预约】 ，按提示完成操作即可。

【方案二：物理拔卡方式】
您也可以在通行前，将ETC卡片从设备中拔出并妥善保管。待本次行程完全结束后，再将卡片插回设备即可。",/,,,
售后业务,售后业务类,23,预约过拉绿通之后被扣费怎么办？,在收费站出口查验结果合格但已发生扣费时，可以通过微信小程序“中国ETC服务”申请退费。,"【绿色通道查验与退费服务指引】
第一步：询问查验结果
您好，请问您在驶离高速时，收费站工作人员对您的绿色通道货物查验是否通过了？

第二步：根据客户答复提供对应方案

【情况一：查验通过（指导申请退费）】
您好，您查验通过需要您按以下步骤申请退费：
1.微信搜索 “中国ETC服务” 小程序并登录。
2.在首页点击 【预约通行】。
3.选择 【绿通预约】 或 【收割机车辆预约】。
4.进入 【我的记录】→【查验记录】。
5.找到对应的通行记录，点击 【申请退费】。
6.提交后，通行费将原路退回您的支付账户。

【情况二：查验不通过（说明计费原因）】
您好，根据系统记录，由于您在出口查验时不符合绿色通道免费政策标准，因此本次行程无法享受免费，需按正常标准计费。",/,,,
售后业务,售后业务类,24,高速费有异议提交后，如何申请加急？,高速退费事宜还是以咨询95022为准,"您好，所有通行费的计费与扣款均由高速公路方直接发起并下发至我司执行。

关于退费事宜，目前我司后台未查询到高速方发起的相关退款记录。建议您直接拨打全国高速服务热线 95022，然后按 9 再转 1，向高速方咨询退款进度。",/,,,
售后业务,售后业务类,25,中国ETC停用设备一个月两次停用需等待30天,目前只能等待30天才能使用，绿通还是引导客户预约，后期这个功能会优化。,/,/,,,
售后业务,售后业务类,26,后台修改9901发行手机号，报错提示“用户尚未注册，认证失败或者 需要重新登录”,"1、若修改发行发手机号系统提示该报错，需要在路网查询开户信息后再次判断；
2、若查询没有路网开户信息，建议将客户提供“中国ETC服务”小程序重置实名录屏反馈【网路智联沟通群】进行查询?。","您好，关于修改ETC发行方手机号时出现的提示问题，需要您提供办理人姓名、联系方式及身份证号码，我们的后台会先为您查询，并根据查询结果进一步判断如何处理。

【若未查询到开户信息的处理流程】
由于未查询到您的开户信息，可能需要请您提供一份 “中国ETC服务”小程序中的“重置实名”操作录屏。您只需按提示操作并录制整个过程，我们会将此录屏提交至相关部门进行排查，以便尽快为您解决问题。

用办理手机号去中国ETC服务小程序重新实名：重新实名认证步骤：
（1）建议开户人登录中国ETC服务小程序，点击我的-右上角螺母按钮-重置实名状态-首页实名认证；
（2）首页左上角点击请登录- 手机号快捷登录 -添加新号码 -实名认证，根据页面提示进行实名认证操作。

请您放心，我们会全程跟进处理，并及时向您反馈进展。感谢您的理解与配合！","
路网（网路智联→解悠数科货车ETC售后沟通）",,,
售后业务,售后业务类,27,如何更换修改9901发行方办理手机号？,"须知：更换发行方手机号只能是办理人身份证名下的手机号；
操作流程：
1.客户列表→操作→修改手机→选择“发行方”→点击“提交”。
注：若后台修改有报错，可将车牌号等信息发给主管查询路网开户信息；
","您好，解悠ETC支持更换为办理人名下的其他手机号，请按以下步骤操作：

1.完成官方实名认证：请使用办理人【本人名下】的【新手机号】所绑定的实名微信，登录 “中国ETC服务” 小程序，并完成首页的实名认证。

2.联系客服修改：认证成功后，请您将 【车牌号】 和需要绑定的 【新手机号】 提供至解悠在线客服，我们将在后台为您完成信息修改。",/,,,
售后业务,售后业务类,28,如何更换修改1101发行方办理手机号？,"须知：更换发行方手机号只能是办理人身份证名下的手机号；
操作流程：
微信搜索“乐速通ETC”小程序→登录→首页【服务】→ETC服务【客户信息变更】→点击“立即办理”，按照要求填写完成后，点击“进度查询”，将待审核的订单的截图发送至解悠客服进一步审核。","您好，解悠ETC支持更换为办理人名下的其他手机号，请按以下步骤操作：

1.打开微信，搜索并进入“乐速通ETC”小程序。

2.点击右下角“我的”使用办理手机号完成登录。

3.在小程序首页找到“服务”板块，点击进入“ETC服务”，再选择“客户信息变更”。

4.点击“立即办理”，根据页面提示填写新的手机号及其他所需信息。

5.提交成功后，返回小程序首页，点击“进度查询”，找到您刚刚提交的待审核订单。并将该订单页面截图，发送给我们为您反馈至相关部门审核。",解悠&速通客户运营沟通群,,,
售后业务,售后业务类,29,如何更换修改解悠绑定手机号？,"注：更换绑定手机号无须在“中国ETC服务”小程序实名认证，只需要在解悠小程序操作。
1.客服操作：客户列表→操作→修改手机→选择“解悠”→点击“提交”。","【修改绑定手机号服务指引】


第一步：确认验证码接收状态

您好，若您需要修改绑定手机号，需先在“解悠货车服务”小程序操作重置实名。
请问您当前绑定的手机号还能正常接收短信验证码吗？

第二步：根据客户答复提供对应方案

【情况A：可正常接收验证码】（指导自助操作）

请您按以下路径自行修改：
1.登录 “解悠货车服务”小程序。
2.点击底部 【我的】 → 【实名认证】。
3.点击 【重置实名】 → 【修改手机号】。
4.输入新手机号并获取验证码，完成 【立即认证】 即可。

【情况B：原手机号已注销/无法使用】（提供人工协助）

我们理解您的情况。请您提供以下信息给我们：
车牌号
需要绑定的新手机号
收到后，我们将为您在后台提交人工修改申请。",/,,,
售后业务,售后业务类,30,解悠小程序重置实名报错提示“表单未发生变化，请重新输入”,需要前往“中国ETC服务”小程序，使用手机号+验证码重新登录后再尝试重置实名。,"您好，该报错需要您按以下步骤操作：

1.微信搜索“中国ETC服务”小程序，使用手机号+验证码重新登录。

2.登录成功后，前往“解悠货车服务”小程序操作重置实名即可。",/,,,
售后业务,售后业务类,31,（1101）因个人姓名发生变更（如改名等），需要修改实名认证信息,"1.用户提供材料
要求用户提供：

①当前有效的身份证原件照片（正反面，清晰可辨）。

②电子邮箱地址（用于接收通知或技术反馈）。

2.创建工单
客服收集以上材料后，在CRM系统中创建工单，附上身份证照片和邮箱地址，流转至当日在班组长处理。

3.组长反馈速通处理
组长收到工单后，将需求反馈至速通处理，处理完毕后，组长将处理结果通过工单流转会客服。

4.引导用户重新实名认证

处理完毕后，客服引导用户本人需进入解悠小程序，按照提示重新进行实名认证。","您好，您反馈的此情况需要您提供身份证正反面照片和邮箱地址，我帮您反馈相关专员处理，处理完成后会及时同步您，届时您在“解悠货车服务”小程序操作一下实名认证。实名认证的步骤为：
实名认证步骤为：

①打开微信，进入 【解悠货车服务】小程序。

②点击底部导航栏的 【我的】 。

③在页面中找到并点击 【实名认证】。

④进入后，请选择 【重置实名】 → 【立即认证】。",,,,
售后业务,售后业务类,32,激活成功后，如何修改紧急联系人,走CRM工单【9901划扣问题-日结售后】至客服组长,"您好，修改紧急联系人需要你提供以下信息：

1.紧急联系人与您的关系。

2.紧急联系人姓名。

3.紧急人联系方式。


收到以上信息后我们会立刻为您反馈至相关部门进行修改，修改成功后会在第一时间告知您，请您耐心等待。",工单类型【9901划扣问题】,,,
售后业务,黑名单类,8,"9901修改车型
怎么修改车轴、总质量、尺寸、使用性质等？","注：对于车辆类型修改会进入黑名单，需要重新激活（例如：车轴、尺寸等），修改前提是确认客户ETC不在黑名单，修改后会进入黑名单，需要在中国ETC小程序激活4到24小时恢复使用（解悠小程序不可以）
操作流程：
1.修改车型ETC会进入黑名单，需要“中国ETC服务”小程序操作二次激活成功之后4到24小时恢复使用，请您确认现在是否需要修改？
2.收集客户信息（车牌号、修改正确信息、45°车身照或集装箱运输证）反馈至客服组长进行修改，修改需要提供（车牌号、颜色、车头照，不在黑名单）
3.解悠修改车型车轴激活步骤：
首先把设备贴在车上固定好，然后微信搜索‘中国ETC服务’小程序→ETC服务→设备激活，点击连接设备后，再点击激活设备，将手机蓝牙跟设备蓝牙都打开（设备蓝牙打开方式：快速插拔两次卡片设备会蓝牙打开）激活成功4到24小时后正常使用。","【修改车型信息服务指引】

【第一步：材料收集】
情况一【普货】您好，请您提供一张符合要求的车辆45°角照片（需清晰展示车头及车身侧面）。

情况二【集装箱】您好，请您提供一张符合要求的集装箱运输证。

【第二步：风险告知与确认（重要提示）】
您好，修改车型信息会导致ETC设备进入黑名单状态，需要您后续在“中国ETC服务”小程序完成二次激活，激活成功后需4-24小时才能恢复使用。请问您确认需要立即修改吗？

【第三步：修改完成与激活指引（确认修改后发送）】
您好，车型信息已为您修改成功！现在需要您完成设备重新激活，请按以下步骤操作：
1.安装设备：将ETC设备牢固安装在前挡风玻璃上
2.开启小程序：微信搜索进入""中国ETC服务""小程序
3.开始激活：点击【ETC服务】→【设备激活】
4.蓝牙连接：
 4.1点击【连接设备】
 4.2打开手机蓝牙
 4.3快速、连续地插拔ETC卡两次开启设备蓝牙
5.完成激活：按照提示完成激活流程
6.激活成功后，您的ETC将在4-24小时内自动恢复正常使用。",/,,,
售后业务,黑名单类,8,"1101速通修改车型
怎么修改车轴、总质量、尺寸、使用性质等？","注：对于车辆类型修改会进入黑名单，需要重新激活（例如：车轴、尺寸等），修改前提是确认客户ETC不在黑名单，修改后会进入黑名单，需要在“解悠货车服务”小程序激活，4到24小时恢复使用。
操作流程：
1.客服后台修改车型，操作路径：产品申请系统→售后管理→车辆信息变更→ 查询客户信息 → 选择对应车辆 → 修改车型 → 确认提交。
2.审核：客服提交后进入审核，审批通过后引导客户操作激活。
3.客户前往“解悠货车服务”小程序操作二次激活，二次激活成功后4-24小时ETC恢复正常使用。
","【修改车型信息服务指引】

【第一步：材料收集】
情况一【普货】您好，请您提供一张符合要求的车辆45°角照片（需清晰展示车头及车身侧面）。

情况二【集装箱】您好，请您提供一张符合要求的集装箱运输证。


【第二步：风险告知与确认（重要提示）】
您好，修改车型信息会导致ETC设备进入黑名单状态，需要您后续在“解悠货车服务”小程序完成二次激活，激活成功后需4-24小时才能恢复使用。请问您确认需要立即修改吗？

【第三步：修改完成与激活指引（确认修改后发送）】
您好，车型信息已为您修改成功！现在需要您完成设备重新激活，请按以下步骤操作：
1.前提确认：确保办理人已完成实名认证（未实名需先实名）。
2.信息查询：登录后进入【首页】→【二次激活】→输入车牌号与颜色→查询获取办理人信息。
3.安全校验：获取短信验证码，点击【激活】按钮进行校验。
4.蓝牙连接：
 4.1校验成功后，打开手机蓝牙。
 4.2将设备牢固粘贴在车前挡风玻璃上。
 4.3快速插拔ETC卡两次，开启设备蓝牙。
 4.4完成激活：等待系统连接并完成激活。
5.激活成功后，您的ETC将在4-24小时内自动恢复正常使用。",,,,
售后业务,黑名单类,8,什么情况下会进黑名单，如何解黑,"拉黑原因：                                                       第一步，后台自查：
1.扣款失败：账户余额不足、错过划扣时间、银行卡限额、银行卡状态异常、信用卡风控                                            
2.解绑注销期；
无以上情况，转第二步；
第二步：
3.车内有旧设备；
4.近期修改车轴车型（可通过路网开放平台查询及反馈路网群内核实确认）
注：该步骤晚班需要留痕，比如询问客户：请问您之前有联系我们修改过车型吗？
无以上情况，转第三步：
第三步：
5.可能存在高速稽查欠费/待补费。
注：如解悠后台查询状态正常，需在路网后台再次查询。                       解黑方案：
1.账户余额不足、错过划扣时间：保证还款账号余额充足，通过解悠小程序主动还款，4到24小时解黑。或对公还款，联系客服处理，4到24小时解黑。
1.1银行卡限额、银行卡状态异常：对公还款，联系客服处理，4到24小时解黑。同时建议客户更换绑定银行卡，避免重复出现相同问题；
2.解绑注销期：无需操作解黑，等待注销；
3.请将旧设备移除车外，车上只留有一个在使用的设备；
4.确认修改车型车轴是否操作激活，若无，引导客户操作二次激活；
5.引导客户进入补费平台补费或拨打95022咨询是否有查欠费。","【ETC进入黑名单常见原因及解黑方法】
您好，车辆进入ETC黑名单通常由以下原因导致，请您参照对应方法处理：

【通行账单扣款失败】
解黑方法：请前往 “解悠货车服务”小程序 主动还款或等待系统补扣。
恢复时效：还款成功后 4-24小时 内恢复使用。

【名下有车辆正在注销ETC】
解黑方法：待该车辆注销流程完全成功后，您需要重新办理新的ETC设备。
恢复时效：新设备激活成功后即可使用。

【车内有其他旧ETC设备干扰】
解黑方法：请将旧的ETC设备移出车外，确保车内只保留当前正在使用的一个设备。
恢复时效：移除后即可正常使用。

【修改过车型/车轴信息】
解黑方法：请前往 “中国ETC服务”小程序 操作二次激活。
恢复时效：激活成功后 4-24小时 内恢复使用。

【解悠查询状态正常但仍被拉黑】
若我司查询一切正常，建议您通过以下官方渠道核查：
1.拨打全国高速服务热线 95022，按 9 再转 2，查询拉黑原因。
2.微信搜索“解悠货车服务”小程序→点击‘开发票’→跳转至“e路畅通”小程序→点击‘通行费补费’→跳转至“收费公路通行费补费平台”小程序，核实是否存在稽查欠费。如有欠费，请补缴后再次致电95022咨询具体解黑时间。",/,,,
售后业务,黑名单类,8,高速稽查欠费如何补缴,"1.微信搜索“收费公路通行费补费平台”小程序进行补费；
2.通过高速收费站工作人员缴现金补缴。
（补费成功之后建议联系95022咨询解黑时效）","您好，高速稽查欠费的补缴方式如下：

【方式一：线上补缴（推荐）】
微信搜索“解悠货车服务”小程序→点击‘开发票’→跳转至“e路畅通”小程序→点击‘通行费补费’→跳转至“收费公路通行费补费平台”小程序

【方式二：现场补缴】
在通过高速收费站时，直接向现场工作人员办理补缴。

补缴成功后，建议您联系全国高速客服热线 95022，咨询具体的账户解黑时效。",/,,,
售后业务,黑名单类,8,高速稽查欠费发起异议工单的流程,"客户发起异议后，追缴名单是不会直接解除的，所以在异议工单结束前，客户在收费站入口还是会被提示追缴名单，需要收费人员自行核对异议工单后再放行，客户需要配合解释，目前稽核工单在异议处理中，让收费员查询一下，分为两种情况：
1.需要补费，但客户不认可的情况下，可以发起异议工单；
2.前车主欠费的，新车主上高速提示欠费，可以发起异议工单；
","您好，若对稽查欠费有异议，请按以下步骤提交工单：

1.微信搜索“解悠货车服务”小程序→点击‘开发票’→跳转至“e路畅通”小程序→点击‘通行费补费’→跳转至“收费公路通行费补费平台”小程序

2.查询到欠费信息后，点击该条信息左上角的【详情】。

3.查看具体欠费原因，如有异议，点击页面左下角的按钮，选择 【发起异议工单】。

4.按要求填写异议类型和说明，并上传相关证据照片后，点击 【提交】。

5.提交后，您可在 【我的】 → 【查看异议处理】 页面中跟进审核进度。",/,"=DISPIMG(""ID_65210696DEE74508BE0F7B473746630C"",1)",,
售后业务,黑名单类,8,解悠风控黑名单,"
1.对客话术；
2.客户不认可注销违约金，可告知为其反馈至相关部门由专人联系您并告知如何恢复ETC使用。
3.若客户反馈加急处理，则将客户的信息（姓名、联系方式、车牌号）发至客服部群内并@董睿旋，加急处理。
注：风控拉黑的客户是需要增加保证人或支付保证金才能继续使用的情况。
","【高风险逾期客户沟通方案】


【情况一：告知最终处理决定（基础版）】
非常抱歉，由于您的ETC账单逾期时间过长，系统基于综合风险评估，已限制该设备的使用权限。
目前我们唯一能为您提供的服务是办理注销。注销完成后，您可以选择申请办理其他ETC产品。

【情况二：提供升级处理通道（当客户不认可违约金时）】
（工作日）
我们理解您对费用的疑问。如果您希望尝试恢复ETC使用，我们可以将您的情况加急反馈至风控部门，由专员评估后为您提供解决方案。预计今日18:00前会有专员与您联系，请您保持手机畅通。

（非工作日/节假日）
我们理解您对费用的疑问。如果您希望尝试恢复ETC使用，我们可以将您的情况提交至风控部门，由专员评估后为您提供解决方案。预计下一个工作日18:00前会有专员与您联系，请您保持手机畅通。

【情况三：特殊高风险客户（曾有投诉/司法纠纷）】

经风控部门复核，您的账户属于特殊管控状态，涉及的因素较为复杂。关于具体原因及后续处理方案，建议您直接与之前对接的风控专员沟通。

（若客户拒绝联系原专员）
理解您的情况。请问什么时间段接听电话比较方便？我们将安排专人与您回电沟通。请您保持电话畅通，注意接听南京归属地的来电。","工单类型：催收业务回访→风险组
模板：姓名、联系方式、车牌号，逾期账单已结清，现客户申请恢复ETC使用，烦请联系客户。",,,
售后业务,黑名单类,10,客户来电要求拉黑,"1.单车客户：客服可在解悠后台→策略管理→拉黑→备注原因本人来电要求拉黑并将自动改为手动；
1.1解黑：需要将解黑日期，及手动改自动。                                              2.多车客户：因9901单车拉黑，可能会因客户名下其它车辆有逾期账单结清之后会导致单车拉黑的车辆也恢复正常，故优先告知挂失方案。
2.1客服告知客户，前往“中国ETC服务”小程序操作挂失；
2.2客服可在解悠后台→车辆列表→拉黑→备注本人来电要求拉黑
3.客服在解悠后台操作后，需在路网系统查询是否拉黑成功。","【ETC账户管理操作指引】
重要前提告知
您好，首先向您说明：在线客服系统没有直接拉黑或解黑ETC账户的权限，所有状态变更均由系统规则自动处理。

【情况一：确认拉黑操作及后果】
您好，拉黑操作将使ETC立即失效，无法通行。
重要提醒：后期如需解黑，您需使用办理时预留的手机号再次致电。解黑成功后，系统状态更新需要【4-24小时】才能完全恢复。
考虑到这个影响，请问您确认现在需要执行拉黑吗？

【情况二：名下多车，指导自助挂失（首选方案）】
您好，鉴于您名下有多辆车，我们建议您通过官方小程序自行管理，这样更灵活：
1.挂失路径：请前往 “中国ETC服务”小程序 → 登录 → 【ETC服务】 → 【挂失】。
2.后续影响：挂失成功后，该车辆ETC将进入黑名单。
3.当您需要恢复时，只需在同一路径下操作 【解挂】 即可，解挂成功后同样需要【4-24小时】恢复使用。

【情况三：无法自助操作，执行单车拉黑（最终方案）】

（当客户无法操作小程序时使用）
1.您好，我们理解您无法自行挂失。作为替代方案，我们现在只能为您操作单独拉黑这一辆车。
2.重要风险提示：由于您名下登记了多辆车，如果其中任何一辆车后期产生逾期账单，系统可能会触发联动机制，自动恢复当前这辆被拉黑车辆的状态。后期如需解黑，您仍需使用办理手机号致电申请。解黑成功后，系统需要【4-24小时 】同步。
3.在知晓以上风险后，请问您确认需要为您操作单车拉黑吗？",/,,,
售后业务,黑名单类,11,客户/代理通过在线客服申请拉黑ETC,注：在线客服不拉黑不解黑（针对客户要求拉黑项），需要用办理手机号拨打解悠客服热线申请拉黑或解黑。,"您好，非常抱歉，在线客服系统没有操作ETC拉黑或解黑的权限。

请您使用办理时【预留的手机号】，拨打我们的客服热线【400-0543-986】。由热线专员为您处理申请。",/,,,
售后业务,黑名单类,12,9901系统排查黑名单注意事项,"排查逾期项：千方周卡、自营周卡、普惠、日结。
注：四项中只要有一项，则会进入黑名单，需要将以上全部结清后4-24小时恢复使用（例如：日结结清、但普惠还在逾期，则策略管理显示“黑名单”）。",/,/,,,
售后业务,黑名单类,13,为什么我的ETC账单结清了，但仍在黑名单？,"排查：
1.核实账单：日结、千方周卡、自营周卡、普惠均未逾期；
2.核实策略管理（拉黑记录）黑名单原因及其列表中的【自动解黑】为“自动”；
3.若是农行渠道客户，需要农行渠道保理账单逾期太久，滞纳金占比总金额超10%，这种账单由于农行分账比例的限制扣不回来，会自动降低滞纳金占比在10%以内，这种哪怕扣成功也不会自动解黑，需要人工判断是否恢复使用。
操作：
1.以上均排查正常，则手动解黑告知解黑时效即可；
2.若策略管理（拉黑记录）列表中的【自动解黑】为“手动”则需要修改为“自动”再操作解黑。",/,/,,,
售后业务,高速不抬杆类,1,设备检测，激活状态显示“标签异常”,"1.显示标签异常需要客户重新操作二次激活。
2.客服排查：通过CRM聚合系统→订单信息，查询办理渠道是否为满帮。
2.1若为满帮渠道，客服需要告知将ETC设备背面的白色双面胶彻底撕掉，重新固定原厂黑灰色胶至前挡风玻璃操作二次激活即可。
2.2若为其它渠道则正常发送二次激活流程。","
【满帮渠道增加服务流程】
您好，关于您设备需要重新安装的问题，请按以下步骤操作：
请您先将设备从挡风玻璃上取下来，把背面原有的白色旧胶彻底撕干净。
撕掉白色胶后，您可以看到底下还有一层原厂自带的黑灰色专用胶。这层胶是可以直接使用的，您把设备用这层原厂胶重新贴回挡风玻璃上操作二次激活即可。

【处理“标签异常”与二次激活指引】
您好，您提供的设备检测截图显示“标签异常”，这通常意味着设备与车辆（挡风玻璃）的接触或绑定状态失效。请按以下方案处理：

【方案一：观看视频教程（首选）】
我们为您准备了详细的视频教程，操作更直观：
激活视频链接： https://huoche.jieyoucloud.com/u/Ec1E1
请您务必先将设备牢固地重新粘贴在挡风玻璃上，然后点击链接，严格按照视频步骤操作。

【方案二：文字版分步指引】
若您更习惯文字指引，请通过“解悠货车服务”小程序按此流程操作：
1.前提确认：确保办理人已完成实名认证（未实名需先实名）。
2.信息查询：登录后进入【首页】→【二次激活】→输入车牌号与颜色→查询获取办理人信息。
3.安全校验：获取短信验证码，点击【激活】按钮进行校验。
4.蓝牙连接：
 4.1校验成功后，打开手机蓝牙。
 4.2确保设备已牢固粘贴在挡风玻璃上。
 4.3快速插拔ETC卡两次，开启设备蓝牙。
5.完成激活：等待系统连接并完成激活。
6.结果验证：激活成功后，可前往“中国ETC服务”小程序进行【设备检测】，确认状态为“已激活”。",/,,,
售后业务,高速不抬杆类,2,高速不抬杆提示：非互联网发行卡或无效卡,"1.查询后台状态名单（9901后台及路网后台）
2.更换其他车道尝试（若在站口）；
3.上报通行异常条件：
3.1道口屏幕报错文字描述；
3.2设备检测正常的截图；（400可免截图）
3.3站口名称及时间。
","【ETC通行异常（不抬杆）排查指引】

【第一步：确认现场情况】
您好，请问您通过收费站时，具体提示的报错文字内容是什么？

【第二步：初步排查与建议】
您好，我们后台查询到您的ETC账户和设备状态均正常。
此情况很可能是由于车道天线信号不好导致。建议您：
1.尝试更换旁边其他ETC车道通行。
2.若更换车道后仍不抬杆，请及时反馈给我们，我们将为您做进一步排查。

【第三步：引导设备自检（如需深入排查）】
您好，请您协助我们按以下步骤完成设备检测，并将结果截图发给我们：
1.微信搜索并登录 “中国ETC服务” 小程序。
2.点击 【ETC服务】 。
3.找到并进入 【设备检测】 功能。
4.请确保手机蓝牙已开启，并快速插拔ETC卡片两次以开启设备蓝牙。
5.完成检测后，请将结果页面截图发送给客服。

【第四步：上报高速核查（最终方案）】
（当设备检测正常，但问题依旧时）
您好，经检测您的ETC设备状态正常。
为彻底查明原因，需要将此次异常通行上报至高速方进行核查。请您提供以下信息：
上/下高速口名称：
通行时间：
我们提交后，高速方核查通常需要 3-4个工作日，结果会由专人通过电话或短信告知您，请您耐心等待。

",/,,,
售后业务,高速不抬杆类,3,高速不抬杆提示：交易失败,"1.排查：查询后台状态名单（9901后台及路网后台）；
2.原因：该车和前车跟车太近，造成入口交易失败，建议用户重新尝试通行，保持车距。
3.上报通行异常条件：
3.1道口屏幕报错文字描述；
3.2设备检测正常的截图；（400可免截图）
3.3站口名称及时间。
","【ETC不抬杆问题处理流程】

【第一步：确认现场信息】
您好，请问您通过收费站时，具体提示的报错文字内容是什么？

【第二步：初步分析与引导（针对常见原因）】
您好，我们后台查询到您的ETC账户状态正常。
根据经验，此提示通常是由于与前车距离过近，导致车道天线未能成功识别您的车辆信息。建议您：
倒车后重新尝试通行，并与前车保持至少10米以上的距离。

【第三步：升级处理（问题仍未解决时）】（若客户反馈重新尝试后仍不抬杆）
好的，我们理解您的情况。为了彻底查明原因，需要将此次异常记录提交至高速方进行核查。
请您提供以下信息：
上/下高速口名称：
通行时间：
我们提交后，高速方核查通常需要 3-4个工作日，结果会由专人通过电话或短信告知您，请您耐心等待。

",/,,,
售后业务,高速不抬杆类,4,高速不抬杆提示：未检测到标签,"1.客服排查：查询后台车辆状态。
2.客户排查：
2.1车速过快；
2.2车道跟ETC信号不匹配换个车道；
2.3车膜过厚需要裁剪；
2.4设备没电。
3.需要客户操作项：
3.1设备检测排查设备是否正常；
3.2让客户请道口工作人员手持设备进行车内扫描；
3.3询问客户粘贴ETC处位置。
4.上报通行异常条件：
4.1道口屏幕报错文字描述；
4.2设备检测正常的截图；（400可免截图）
4.3手持设备扫描报错描述；
4.4询问工作人员具体原因；","【ETC不抬杆问题排查指引】
第一步：确认现场情况
您好，请问您通过收费站时，具体提示的报错文字内容是什么？

第二步：分析原因并提供自查方案
您好，我们后台查询到您的ETC账户状态正常。提示“未检测到标签”通常由以下原因导致，建议您逐一排查：
1.车速过快：请确保以低于20公里/小时的速度匀速通过ETC车道。
2.车道信号问题：建议更换旁边其他ETC车道重新尝试。
3.车膜遮挡：如您的前挡风玻璃贴有金属膜，可能会屏蔽信号，需在设备安装位置裁剪掉部分车膜。
4.设备电量不足：请检查设备屏幕是否亮起，或尝试为设备充电。

第三步：引导设备检测（若客户反馈以上均无效）
请您协助我们按以下步骤完成设备检测，并将结果截图发给我们：
1.微信搜索并登录 “中国ETC服务” 小程序。
2.点击 【ETC服务】 → 【设备检测】。
3.开启手机蓝牙，并快速插拔ETC卡片两次开启设备蓝牙。
4.完成检测后，请将结果页面截图发送给客服。

第四步：提供现场解决方案（若设备检测正常）
检测显示您的ETC设备状态正常。
请确保设备已牢固粘贴在前挡风玻璃的麻点区域或无金属膜遮挡处。若通行时仍不抬杆，建议您前往收费站，请工作人员使用手持设备在车内为您扫描尝试。

第五步：启动后台核查（若手持设备也无法感应）
我们理解您的情况。为了彻底查明原因，需要将此次异常记录提交至高速方核查。

请您提供：
上/下高速口名称：
通行时间：
提交后，高速方核查通常需要 3-4个工作日，结果会由专人通过电话或短信告知您，请您耐心等待。",/,,,
售后业务,高速不抬杆类,5,高速不抬杆提示：卡无效,"1.查询后台状态名单（9901后台及路网后台）；
2.车道跟ETC信号不匹配换个车道尝试。
3.上报通行异常条件：
3.1道口屏幕报错文字描述；
3.2设备检测正常的截图；（400可免截图）
3.3站口名称及时间。
","【ETC通行异常排查指引】
1. 确认现场信息
您好，请问您通过收费站时，具体提示的报错文字内容是什么？

2. 初步分析与建议
您好，我们后台查询到您的ETC账户状态正常。此提示通常是由于车道天线与您的ETC设备信号瞬时匹配失败导致。建议您：
尝试更换旁边其他ETC车道重新通行。
若更换后仍有问题，请及时联系我们为您进一步排查。

3. 引导设备自检
请您协助我们完成设备自检，并将结果截图发送给客服：
 3.1微信搜索登录 “中国ETC服务” 小程序
 3.2进入 【ETC服务】 → 【设备检测】
 3.3开启手机蓝牙，并快速插拔ETC卡两次开启设备蓝牙
 3.4完成检测后，请将结果页面截图发送给我们

4. 启动后台核查（当设备检测正常但问题依旧时）
检测显示您的ETC设备状态正常。我们需要将此次异常提交高速方核查，请您提供：
上/下高速口名称
通行具体时间
核查周期通常为 3-4个工作日，结果会通过电话或短信主动告知您，请您耐心等待。

",/,,,
售后业务,高速不抬杆类,6,高速不抬杆提示：卡异常,,,/,,,
售后业务,高速不抬杆类,7,高速不抬杆提示：请刷卡通行,,,/,,,
售后业务,高速不抬杆类,8,高速不抬杆提示：标签拆卸或非法拆卸,"1.查询后台状态名单（9901后台及路网后台）；
2.引导客户设备自检；
2.1若设备自检正常，则引导设备检测；
3.让客户排查车上是否有之前的旧ETC设备；
4.上报通行异常条件：
4.1道口屏幕报错文字描述；
4.2设备检测正常的截图；（400可免截图）
4.3站口名称及时间。","【ETC不抬杆问题排查指引】
1. 确认现场信息
您好，请问您通过收费站时，车道屏幕上具体提示的报错文字是什么？

2.引导设备自检
您好，关于您ETC设备使用的问题，我们后台已核实您的账户状态是正常的。

为了进一步帮您定位设备端的状况，辛苦您按以下步骤操作一下：
重新插拔卡片：请您将ETC卡片从设备中取出，稍等几秒钟后，再稳稳地插回。

查看设备显示：之后请您留意一下设备屏幕，看上面具体显示什么文字或代码（例如“记账卡”、“已拆卸”、“失效”等）。

反馈信息：方便的话，请将看到的显示内容告诉我。

这样我们可以更准确地判断问题所在，并为您提供后续的解决建议。


2. 若设备正常，则引导设备检测
您好，我们后台查询到您的ETC账户状态正常。请您协助我们完成设备自检，并将检测结果截图发送给客服：
微信搜索并登录 “中国ETC服务” 小程序
点击 【ETC服务】 → 【设备检测】
开启手机蓝牙，并快速插拔ETC卡两次开启设备蓝牙
完成检测后，请将结果页面截图发送给我们

3. 排查设备干扰（当设备检测正常时）
检测显示您的ETC设备状态正常。请您立即检查车内（特别是前挡风玻璃和手套箱）是否还存留其他旧的ETC设备。如果存在多个设备，会相互产生信号干扰，导致无法正常抬杆。

4. 启动后台核查（确认无其他设备干扰后）
我们需要将此次异常通行记录提交至高速方进行核查。请您提供以下信息：
上/下高速口名称：
通行时间：
提交后，高速方核查通常需要 3-4个工作日，结果会由专人通过电话或短信告知您，请您耐心等待。",/,,,
售后业务,高速不抬杆类,9,高速不抬杆提示：卡签发行属地不一致,,,/,,,
售后业务,高速不抬杆类,10,"高速不抬杆无报错文字提示
","高速不抬杆问题排查：
1.后台状态是否正常（9901后台及路网后台）；
2.引导客户排查设备是否正常
2.1若设备正常，则引导设备检测
3.排查车内是否有其它旧设备；
4.让客户请道口工作人员手持设备进行车内扫描；
5.询问工作人员具体原因和处理办法；
6.询问客户粘贴ETC处位置；
（安装的位置：4.2米及以上中大型货车，建议贴在前挡玻璃且无遮挡处；小型货车（皮卡车），车内后视镜且无遮挡处）
以上六项有未完成项，建议客户再次尝试通行并按以上步骤操作排除，及告知如果以上操作未完成即便上报也很难排查。
7.上报通行异常条件：
7.1设备检测正常的截图；（400可免截图）
7.2手持设备扫描报错描述；
7.3询问工作人员具体原因；
注：若道口屏幕无显示，工作人员无法解释的，工单需说明。","【ETC不抬杆问题排查指引】
1. 确认现场信息
您好，请问您通过收费站时，车道屏幕上具体提示的报错文字内容是什么？

2.引导设备自检
您好，关于您ETC设备使用的问题，我们后台已核实您的账户状态是正常的。

为了进一步帮您定位设备端的状况，辛苦您按以下步骤操作一下：
重新插拔卡片：请您将ETC卡片从设备中取出，稍等几秒钟后，再稳稳地插回。

查看设备显示：之后请您留意一下设备屏幕，看上面具体显示什么文字或代码（例如“记账卡”、“已拆卸”、“失效”等）。

反馈信息：方便的话，请将看到的显示内容告诉我。

这样我们可以更准确地判断问题所在，并为您提供后续的解决建议。


3. 若设备正常，则引导设备检测
您好，我们后台查询到您的ETC账户状态正常。请您协助我们完成设备自检，并将检测结果截图发送给客服：
微信搜索并登录 “中国ETC服务” 小程序
点击 【ETC服务】 → 【设备检测】
开启手机蓝牙，并快速插拔ETC卡两次开启设备蓝牙
完成检测后，请将结果页面截图发送给我们

4. 排查设备干扰（当设备检测正常时）
检测显示您的ETC设备本身状态正常。请问您车上除了当前使用的解悠ETC设备外，是否还安装或存放了其他旧的ETC设备？ 多个设备同时存在会互相干扰，导致无法抬杆。

5. 现场应急方案
建议您立即联系收费站工作人员，请他们使用手持设备到您的车内扫描ETC，核实是否能成功感应。

6. 收集关键信息
请问现场工作人员有告知您具体是什么原因导致的吗？

7. 根据配合情况处理
【情况A：客户配合提供完整信息】
好的，我们需要将此次异常提交至高速方核查。请您提供：
上/下高速口名称：
通行时间：
核查需要 3-4个工作日，结果会由专人通过电话或短信告知您。

【情况B：客户未能完全配合】
您好，我们已为您上报通行异常。
但由于您未能提供[具体缺失的要素，如：检测截图/高速口名称等]，这可能导致高速方无法精准定位问题原因。建议您下次通行高速时留意，如再次遇到问题，请及时联系我们并提供完整信息，以便我们为您进行更有效的排查。",/,,,
售后业务,高速不抬杆类,11,高速不抬杆提示：黑名单，或欠费xx元,"1.排查车内是否有其它旧设备；
2.排查解黑时效是否已过4到24小时后，查询开放平台状态名单，若查询正常则反馈路网群内查询状态；（晚班坐席可先登记工单，相关车辆信息反馈路网群内）
3.上报通行异常条件：描述车内是否有旧设备、路网群内查询结果。","【ETC不抬杆问题排查指引】
1. 确认现场信息
您好，请问您通过收费站时，车道屏幕上具体提示的报错文字内容是什么？

2. 排查设备干扰
您好，我们后台查询到您的ETC账户状态正常。请您立即检查车内（特别是前挡风玻璃区域）是否还安装或存放了其他旧的ETC设备？多个设备会相互干扰导致无法抬杆。

3. 核实欠费状态（确认无其他设备干扰后）
经核实您的设备状态正常。建议您拨打全国高速服务热线 95022，按 9 再按 1 转接人工服务，查询是否存在高速稽查欠费导致账户受限。

4. 启动后台核查（若客户确认无欠费且不在黑名单）
好的，我们需要将此次异常提交至高速方进行核查。请您提供以下信息：
上高速入口名称：
下高速出口名称：
通行时间：
核查周期通常需要 3-4个工作日，结果会由专人通过电话或短信告知您。",/,,,
售后业务,高速不抬杆类,12,高速不抬杆提示：标签失效,"排查：查询后台状态是否正常（9901后台及路网后台）；
注：该报错一般是设备松动脱落导致，需要客户操作二次激活。
1.进入解悠货车服务操作二次激活；
2.微信搜索小程序“中国ETC服务”操作二次激活","【ETC设备松动解决方案】
【 问题诊断与初步指引】
您好，请问您通过收费站时具体提示什么报错文字？我们查询到您的ETC状态正常。此情况通常是由于设备松动脱落导致，建议您：
先将设备重新牢固粘贴在前挡风玻璃上
然后选择以下任一方式完成二次激活

【视频引导方案（首选）】
我们为您准备了详细的操作视频：
激活视频链接：https://huoche.jieyoucloud.com/u/Ec1E1
请点击链接跟随视频步骤完成激活

【解悠小程序操作指引】
您也可以通过解悠小程序完成激活：
1.进入""解悠货车服务""小程序→首页→二次激活
2.确认办理人已实名（未实名需先实名）
3.输入车牌信息并获取验证码
4.校验成功后开启手机蓝牙
5.快速插拔ETC卡两次开启设备蓝牙
6.完成激活后可在中国ETC小程序验证设备状态

【中国ETC小程序官方流程】
官方平台激活路径：
1.设备牢固安装在车前挡风玻璃
2.使用办理人本人微信进入""中国ETC服务""小程序
3.点击ETC服务→激活设备
4.开启手机蓝牙并快速插拔卡片两次启动设备蓝牙
5.连接成功后完成激活

",/,"=DISPIMG(""ID_28196394644B4DD6B732CBAC3D2A3875"",1)",,
售后业务,高速不抬杆类,13,高速不抬杆提示：省内黑名单,"1.排查解黑时效是否已过4到24小时后，查询开放平台状态名单，若查询正常则反馈路网群内查询状态；（晚班坐席可先登记工单，相关车辆信息反馈路网群内）
1.1若后台正常，则让客户去省内大型收费站让收费站工作人员查询是否有高速稽查欠费需要补缴，若查询正常，可联系我方上报通行异常。
注：除态度恶劣的客户之外需要创建通行异常工单上报。","【ETC不抬杆问题排查指引】
【确认现场信息】
您好，请问您通过收费站时，车道屏幕上具体提示的报错文字内容是什么？

【排查高速欠费（关键步骤）】
您好，我们后台查询到您的ETC账户状态正常。此情况可能是由于存在高速稽查欠费导致。建议您：
前往您所在省份的任一大型收费站，请工作人员协助查询系统，确认是否有待补缴的欠费记录。
若工作人员确认无欠费且账户正常，请您再联系我們，我们将为您登记并上报至高速方进行核查。

【启动后台核查（最终方案）】--（当客户确认无欠费后）
好的，我们需要将此次异常通行记录提交至高速方进行核查。请您提供以下信息：
上/下高速口名称：
通行时间：
核查周期通常需要 3-4个工作日，结果会由专人通过电话或短信告知您，请您耐心等待。",/,,,
售后业务,高速不抬杆类,14,高速不抬杆提示：大件运输车,需要客户在大件运输预约平台上取消之前的大件运输认定。,"您好，此报错是由于您的车辆被系统标记为“大件运输”状态所致。

该认定是由高速公路管理部门在入口端完成的，并非通过ETC系统办理，因此我们无法在后台直接为您撤销。

请您在通行高速时，直接咨询收费站工作人员，他们熟知流程，会指引您如何办理解除“大件运输”认定的手续。",/,,,
售后业务,高速不抬杆类,15,1101速通客户反馈上高速不抬杆，怎么办？,"1.首先按照提示报错按9901全国统一流程进行排查。
2.排查设备正常，则正常引导客户拨打高速服务热线95022进行反馈。
3.若客户不愿意拨打，坚持要求我处反馈的情况，则收集【上报通行异常条件】走CRM工单【通行异常】至客服组长。","【ETC不抬杆问题排查指引】
1. 确认现场信息
您好，请问您通过收费站时，车道屏幕上具体提示的报错文字是什么？

2.引导设备自检
您好，关于您ETC设备使用的问题，我们后台已核实您的账户状态是正常的。

为了进一步帮您定位设备端的状况，辛苦您按以下步骤操作一下：
重新插拔卡片：请您将ETC卡片从设备中取出，稍等几秒钟后，再稳稳地插回。

查看设备显示：之后请您留意一下设备屏幕，看上面具体显示什么文字或代码（例如“记账卡”、“已拆卸”、“失效”等）。

反馈信息：方便的话，请将看到的显示内容告诉我。

这样我们可以更准确地判断问题所在，并为您提供后续的解决建议。


2. 若设备正常，则引导客户拨打高速热线。
经核实您的设备状态正常。建议您拨打全国高速服务热线 95022，按 9 再按 1 转接人工服务，查询是否存在高速稽查欠费导致账户受限。

4. 若客户确认无欠费且不在黑名单
好的，我们需要将此次异常提交至高速方进行核查。请您提供以下信息：
上高速入口名称：
下高速出口名称：
通行时间：
核查周期通常需要 3-4个工作日，结果会由专人通过电话或短信告知您。

4. 启动后台核查（确认无其他设备干扰后）
我们需要将此次异常通行记录提交至高速方进行核查。请您提供以下信息：
上/下高速口名称：
通行时间：
提交后，高速方核查通常需要 3-4个工作日，结果会由专人通过电话或短信告知您，请您耐心等待。",,,,
售后业务,付费产品类,1,不支持办理蓝牌付费产品的车型,"须知：以下车辆非蓝牌付费。
1.轻型仓栅式货?、轻型厢式货?、轻型载货专项作业?、轻型载货专项作业、轻型特殊结构货?、轻型?辆运输?、轻型?输运输?；
2.关键词匹配，包括“仓”、“栅”、“厢”关键词的?型。","您好，根据收费标准，以下轻型货车车型采用按次服务费模式，无需设备费：

轻型仓栅式货车
轻型厢式货车
轻型载货专项作业车
轻型特殊结构货车
轻型车辆运输车

以上车型均享受【按次收取服务费】、【免设备费】的优惠政策。",/,,,
售后业务,付费产品类,2,不支持办理渐变绿付费产品的车型,"行驶证车辆类型中“轻型仓栅式货车、轻型厢式货车”的（即OCR识别包含仓、栅、厢的），以及彩蛋车型（即OCR识别包含“轻型载货专项作业”“轻型特殊结构货车”“轻型车辆运输车”“轻型车输运输车”），除上述车型之外的，都需要前置收取设备费（同时免除后续注销费）；
","【关于ETC设备费收取规则的说明】

免收设备费的车型（以行驶证车辆类型OCR识别为准）：
识别包含 “仓”、“栅”、“厢” 的车型（即轻型仓栅式货车、轻型厢式货车）。

特定彩蛋车型：识别包含 “轻型载货专项作业”、“轻型特殊结构货车”、“轻型车辆运输车”、“轻型车输运输车” 的车型。

除上述车型外，其他所有车型均需在办理时前置收取设备费。此费用将同时免除您后续的注销费用。

",/,,,
售后业务,付费产品类,3,客户提问：小程序没有显示支付弹窗界面,客户关闭支付页面，需要等待5分钟后再进入支付界面重新支付即可。,"您好，若当前未弹出支付页面，可能是系统加载略有延迟。

请您等待5分钟后，再次点击 【申办进度】 即可正常调起支付。",/,,,
售后业务,付费产品类,4,蓝牌付费提交注销流程,"须知：
1.首先让客户提供办理信息，并后台核实，核实账单结清后再发送注销话术；
2.代理提供行驶证，需要核实车牌号及车辆识别代码。
操作流程：
1.客户要求注销时需询问原因
2.针对客户表述的原因在可解决的范围内需提供合理方案进行解决（必要流程，意在挖掘客户客户真实的注销原因）
3.强调并使用解悠优势的话术
4.除风控黑名单类等特殊场景，其他场景下，客服不可直接引导客户进行注销（如客户抱怨不想用这个ETC了等）
5.请客户提供办理信息；
6.1“解悠ETC产品申请系统”网址→售后管理→注销申请，通过“办理手机号”搜索需要注销的车辆并填写违约金及注销原因后再点击提交。","【ETC注销咨询与挽留服务流程】
第一步：确认注销原因
您好，请问您是由于什么原因考虑办理ETC注销呢？

第二步：信息核实与收集
【对客户】
好的，为您办理注销，需要请您提供以下信息进行核实：
办理人姓名
联系方式
车牌号码

【对代理】
好的，请您提供该车辆的行驶证。
（若无法提供行驶证）
请您提供办理人姓名及手机号，以便我们核实。

第三步：价值挽留（酌情使用）
非常理解您的选择。我们想向您说明，解悠ETC产品无需押金和保证金，使用中除必要的通道费与服务费外无任何隐藏收费，且逾期滞纳金在行业内也处于最低水平。
我们真诚希望您能继续使用我们的产品。后续有任何问题，我们都会全力协助解决。请您再考虑一下，可以吗？

第四步：执行注销与后续指引（确认客户坚持注销后）
好的，已为您登记注销申请，预计将在 3至4个工作日 内处理完成。注销成功后会有短信发送至您的办理手机号。
重要提示：请您现在就将ETC设备从车上取下，在注销完成前切勿再次使用该设备通行高速，以免产生新账单影响注销进度。",/,,,
衍生业务,千方周卡类,1,客户提问为什么没有放款？,"客服操作：
周卡后台→放款管理→放款申请进行查看，如显示“综合评分不达标”或“当前暂不符合借款条件”等，则代表客户资质不达标未通过资方审核，该类客户暂时无法再次使用周卡，并恢复为日结划扣模式。
注：9901修改周卡状态显示“暂停使用”，首先排除客户是否是因周卡逾期导致周卡暂停使用，若不是逾期导致；则这类客户不是“人工暂停周卡”，后期资方审核可能会恢复客户的额度，导致后期可能又自动从周卡放款，故建议告知客户相关原因，根据客户需求进行操作。                                         ","您好，根据综合评估，您当前的信用状况暂不符合周卡的使用标准。因此，您的划扣模式已调整为【按日结算】。

【请您务必保持绑定银行卡余额充足】，以免扣款失败影响您的ETC正常通行。

温馨提示：此调整是基于资方的阶段性审核结果。未来若您的信用评估通过，系统可能会【自动为您恢复周卡功能】。如您希望主动关闭周卡服务，可随时联系客服协助处理。",/,,,
衍生业务,千方周卡类,2,本周未产生ETC通行账单，还会扣卡费吗？,本周如果没有产生ETC通行账单，不会扣卡费。,"您好，请您放心，我们的周卡/记账卡服务遵循 “按实际通行收费” 的原则。

若您在当周没有产生任何ETC通行账单，则不会收取任何卡费或服务费。",/,,,
衍生业务,千方周卡类,3,千方周卡费用怎么收取,"1.正常每周二还款：通行费+卡费（17.9），无服务费及通道费；
2.逾期还款：通行费+卡费+其它费用（需要咨询千方），无服务费及通道费。
注：所有费用及卡费都是走千方绑定银行卡进行还款。","您好，周卡的收费标准如下：

还款日：每周二

还款金额：当期通行费 + 固定卡费17.9元

费用优势：此费用已包含所有成本，【无额外服务费及通道费】。

关于逾期：若未按时还款，将会产生额外费用。由于逾期政策可能调整，为保障您的权益，建议您直接致电客服专线【4006898888】获取最准确的资费说明。",/,,,
衍生业务,千方周卡类,4,千方周卡账单什么时间进行扣费,每周二早9点、晚17点系统自动划扣周卡账单，保证千方绑定银行卡余额充足即可，若最后一次划扣失败，可前往“解悠货车服务”小程序主动还款，在次日凌晨1：30之前还款成功ETC正常使用。,"【自动还款（推荐）】
系统将于每周二上午9点及下午17点自动划扣周卡账单。请确保您绑定的千方银行卡余额充足。

【手动还款】
若最后一次自动划扣失败，请您及时进行手动还款：
操作路径：进入“解悠货车服务”小程序 → 登录 → 【周卡账单】→ 点击【还款】。
重要提示：手动还款仅支持使用绑定的千方银行卡支付。请务必在次日凌晨1:30前还款成功，方可确保ETC正常使用。",/,,,
衍生业务,千方周卡类,5,千方周卡逾期账单还款流程,"1.微信搜索小程序“解悠货车服务”→登陆→周卡账单→点击还款，进行主动还款（只支持千方绑定银行卡还款）；
2.保证千方绑定银行卡余额充足，每天早9点，晚17点系统会自动补扣；
注：周卡账单逾期后，从逾期第1天到第7天连扣7天，然后是逾期第15天  逾期第29天，每天两次早9点，晚17点系统划扣。","方式一【手动立即还款】
请通过“解悠货车服务”小程序手动完成还款：微信搜索并进入小程序 → 登录账号 → 进入【周卡账单】→ 点击【还款】。
请注意：此方式仅支持使用您绑定的千方银行卡支付。还款成功后，ETC服务将在4至24小时内恢复。

方式二【存钱等待自动补扣】
请确保您绑定的千方银行卡内余额充足。系统将于每日上午9点及下午17点自动发起补扣。扣款成功后，ETC服务同样将在4至24小时内恢复。

方式三【名下银行卡都冻结，需引导客户联系千方处理】
您好，关于您的此情况，建议您直接致电客服专线4006898888进行详细咨询，
",/,,,
衍生业务,千方周卡类,6,开通千方周卡后，还能切换日结吗？,"可切换回日结，需要联系解悠客服申请切换日结模式；
注：现坐席均可以通过9901后台客户列表→操作→修改周卡（人工暂停周卡），且现在人工关闭周卡均无法再次开启。","【取消周卡功能服务流程】

【确认取消原因】
您好，请问您是出于什么原因考虑取消周卡功能呢？

【风险告知与最终确认】（重要提示）
您好，需要向您郑重说明：周卡功能一旦关闭，将无法再次开通。
请问在了解以上情况后，您仍然确认需要关闭周卡功能吗？

【执行操作并告知后续安排】（获得客户确认后）
好的，已为您成功关闭周卡功能。后续扣费模式变更如下：
1.您的ETC账单将调整为按日结算（日结）模式，系统将从您办理ETC时绑定的银行卡中自动扣费。
2.请您务必保持该银行卡余额充足，以免因扣款失败影响您的正常通行。",/,,,
衍生业务,千方周卡类,7,千方/自营周卡的额度用完怎么办,周卡额度用完的客户，会自动切换回日结模式，从办理ETC时绑定的银行卡扣费。,"您好，当您的周卡可用额度使用完毕后，系统将【自动切换至日结扣费模式】。

后续账单将从您办理解悠ETC时绑定的银行卡中扣费，请您【确保该银行卡余额充足】，以免影响您的正常通行。",/,,,
衍生业务,千方周卡类,8,千方周卡账单逾期后有利息吗？,账单逾期后可能会产生其他费用，具体逾期费用需要您致电“4006898888”进行咨询,"您好，账单逾期后可能会产生相应的违约金或服务费。

由于具体费用会根据您的账单金额和逾期时长等因素动态计算，为保障您能获得最精准的信息，建议您直接致电客服专线 4006898888 进行详细咨询。",/,,,
衍生业务,千方周卡类,9,解悠ETC跟千方的关系是什么,/,您好，向您说明一下：“千方”是我们解悠ETC在周卡业务上的合作机构，同时也是您周卡ETC账单的具体扣款服务方。,/,,,
衍生业务,千方周卡类,10,千方周卡更换银行卡流程,"
解悠小程序周卡账单→主动还款端口进入千方收银台进行绑定。
注：扣款顺序按照绑卡时间的顺序依次进行扣费。","您好，更换周卡扣款银行卡的路径如下：
1.微信搜索并进入 “解悠货车服务” 小程序，完成登录。
2.点击 【周卡账单】 ，进入后点击 【还款】。
3.页面将跳转至收银台界面，请在此处点击 【添加新卡】。
4.按提示完成新卡的绑定。
重要提示：绑定成功后，系统将按照您绑卡时间的先后顺序依次尝试扣费。",/,,,
衍生业务,千方周卡类,11,千方开通授权额度，后期会上涨额度吗？,/,"您好，关于额度提升，目前的核心评估标准是个人征信记录。只要您的征信保持良好的无影响状态，通常会维持现有的信用额度。

具体的额度政策及后续调整，请以我司的官方统一通知为准，欢迎您持续关注。",/,,,
衍生业务,自营周卡类,1,自营周卡费用怎么收取,"一.正常还款：
1.黄牌：
1.1每周一还款：通行费＋15.9元/周+原费率，单车额度8000元；
1.2每周一还款：通行费+9.9元/周+原费率，单车额度3000元；
2.蓝牌/渐变绿牌/黄绿牌：通行费+11.9元/周，单车额度3000元。
注：所有颜色的车牌合计，单人总办理限额4.8w元。
二.逾期拉黑还款：
1.黄牌：通行费＋卡费＋原费率＋每天千1的滞纳金＋账户恢复服务费5元；
2.蓝牌/渐变绿牌/黄绿牌：通行费＋卡费＋每天千1的滞纳金＋账户恢复服务费5元；
注：所有费用都是从绑定银行卡进行划扣","【周卡收费标准说明】

一、黄牌周卡收费标准
【产品一】
收费标准：通行费 + 15.9元/周 + 原费率
单车额度：8000元
单人总额度：4.8万元
【产品二】
收费标准：通行费 + 9.9元/周 + 原费率
单车额度：3000元
单人总额度：4.8万元



二、蓝牌/渐变绿牌/黄绿牌货车收费标准
收费标准：通行费 + 11.9元/周
单车额度：3000元
单人总额度：4.8万元

三、逾期还款标准
【黄牌货车】
通行费 + 卡费 + 原费率 + 每日千分之一滞纳金 + 5元账户恢复服务费

【蓝牌/渐变绿牌/黄绿牌货车】
通行费 + 卡费 + 每日千分之一滞纳金 + 5元账户恢复服务费",/,,,
衍生业务,自营周卡类,2,自营周卡申请怎么开通,"关于客户申请开通周卡相关流程：
通过9901注销系统“资格查询”，用办理手机号进行查询，符合周卡申请→走CRM工单“衍生业务→自营周卡”流转至衍生部。
注：若不满足申办条件，则告知客户目前车辆不符合申请周卡。

","【周卡申请结果反馈指引】

【申请通过（进入审核流程）】
您好，您的周卡申请已初步符合条件。我们已将您的资料提交至审核部门，预计今日18:00前会有专员与您联系，请您保持手机畅通。
注：如遇非工作日（节假日），联系时间将顺延至下一个工作日的18:00前。

【申请未通过（告知结果）】
您好，经后台查询，很抱歉您的车辆暂不符合周卡的申办条件。您当前的ETC划扣模式仍为日结模式，建议您确保绑定银行卡余额充足，以免影响正常通行。

【客户追问未通过原因】
您好，我们查询到您的申请是因综合资质未达到审核部门的标准，故暂时无法开通周卡服务。非常抱歉目前无法满足您的需求，感谢您的理解。","工单类型：衍生业务-自营周卡→流转人（杜功雷）
模板：姓名、联系方式、车牌号，客户需要申请周卡，烦请联系客户。
",,,
衍生业务,自营周卡类,3,资格查询提示：身份证照片缺失，或有效期缺失，请提醒用户前往小程序-我的-证件更新完成补证,/,"您好，我们核查到您当前的资料暂未达到自营周卡的办理标准。

请您先通过以下路径更新您的证件信息：
“解悠货车服务”小程序 → 我的 → 证件更新，完成资料补传。

由于证件审核需要一定流程，建议您在【成功更新24小时后】再次联系我们申请周卡。为此给您带来的不便，我们深表歉意。",/,,,
衍生业务,自营周卡类,4,千方周卡关闭后能立即申请自营周卡吗？,当周不生效，下周一自营周卡开始生效。,"您好，经核实，您是由“千方周卡”转为“自营周卡”的用户。

根据规则，开通当周无法立即生效，本周仍需按【日结模式】进行扣费。

您的自营周卡功能将于【下周一】正式生效，届时即可正常使用周卡服务。",/,,,
衍生业务,自营周卡类,5,资格查询未通过前筛提示内容,"影响因素如下：
1.年龄：22-55周岁（不分性别）。
2.身份证：有效身份证（OCR识别）。
3.货车车龄：0-9年（名下有一台车满足即可）。
4.逾期时长：最大逾期天数<7天（包括已注销车辆）。
5.当前是否逾期：当前存在逾期车辆不可办。
6.活跃情况：当前为正常车辆近三个月有通行（名下有一台车满足即可）首次通行至今>3个月（名下有一台车满足即可）。
7.农行单笔一万限制：农行客户周通行消费<9500元。
8.渠道：微信渠道已绑定的不能办理（考虑后期客户切换，微信渠道无法回款）。
9.车辆周卡办理情况：当周关闭周卡客户，当周不可再次办理。
10.办理额度已不足：客户可办额度不足，不可办理。
11.车队用户不可办理：车队用户默认使用钱包，不可办理周卡。
12.限高：“该客户被限高，拒绝准入”。
13.用户未绑卡：“用户未绑定代扣银行卡”。

处理流程：
1.查询客户信息：根据客户提供的姓名、车牌号、手机号，在后台系统中查询客户各项资质（年龄、车龄、逾期记录、通行活跃度、绑卡情况等）。
2.逐项核对：对照以上13条规则，找出客户具体不满足的条件。
3.告知客户：向客户清晰说明不通过的原因。
4.提供建议：对于可改善的因素（如未绑卡、周卡刚关闭等），引导客户完成绑卡或等待下周再试；对于不可改变的因素（如年龄、车龄、逾期记录等），如实告知无法办理。","【查询信息】
您好，请您提供姓名、车牌号和手机号帮您查询。

【资质核对】
客服在后台系统后台系统中查询客户资质，对照13条规则，找出客户具体不满足的条件。

【同步结果】
您好，根据系统显示，是由于......原因导致不符合开通条件，建议您......",/,,,
衍生业务,自营周卡类,6,资格查询提示：首次通行记录不符合、或名下至少有一辆车近3个月有通行,需要以客户首次通行的时间往后推90天可再次申请。,您好，根据我们的活动规则/产品政策，申请此项服务需要您的ETC首次通行满90天。我们查询到您的车辆暂未满足此条件。建议您在首次通行满90天后再次联系我们申请周卡业务。,/,,,
衍生业务,自营周卡类,7,资格查询提示：当前存在逾期车辆,需要结清名下逾期账单后，T+1天后可联系为我们再次申请。,您好，目前由于您名下有逾期账单无法通过周卡审核。待您结清逾期款项后，次日再联系我们，我们会立即为您重新提交申请。,/,,,
衍生业务,自营周卡类,8,资格查询提示：支付渠道是微信的车辆拒绝准入,"1.客户将微信渠道签约取消，需要通过“微信车主服务”公众号→车主服务→我的车牌→删除车牌；
2.待删除微信签约且绑定新支付渠道后，客服走“用友”OA事宜申请。
注：添加协作审批人【曹峥】、部门所属副总经理【王大超】、抄送【孙紫瑜、刘合幸】。
OA模板：
客户姓名、联系方式、车牌号，因XXXX原因，客户申请开通自营周卡。
问题原因复盘：客户在操作过程中系统提示无法开通。经核查，原因为：客户绑定微信渠道支付，触发了自营周卡系统限制规则（拒绝支付渠道为微信的车辆准入），导致无法正常开通。基于以上情况，已按照标准流程指导客户完成微信支付渠道的解绑操作。现需产品部协助为客户开通自营周卡，特此报备，请领导批示。
3.OA审批通过后，走CRM工单【9901划扣问题-周卡售后】至【客服组长】让其处理开通周卡白名单。


注：若客户后期换绑同行银行卡，需要先绑定一张其它银行卡渠道后再进行解绑需要绑定的同行渠道银行卡。","您好，我们核查到您当前的资料暂未达到自营周卡的直接办理标准。

请您先按以下步骤解绑原有渠道：

进入 【微信车主服务】 公众号。

点击 【车主服务】 → 【我的车牌】。

找到对应车牌并操作 【删除车牌】，以解绑微信渠道的签约关系。

完成此操作后，请您反馈给我们。我们将为您登记申请，届时会有专人致电联系您，请您保持电话畅通。","工单类型【9901划扣问题】
",,,
衍生业务,自营周卡类,9,资格查询提示：最大逾期天数超过7天(包括已注销的车辆),/,"您好，我们核查到您的申请因综合资质未达到审核部门的标准，暂时无法通过周卡的办理。

非常抱歉目前无法满足您的需求，感谢您的理解。",/,,,
衍生业务,自营周卡类,10,自营周卡开通后，当天的账单会自动划扣放款为周结吗？,/,"您好，您的周卡已成功开通。

账单规则说明：

生效规则：开通当天的账单将自动计入周卡周期。

出账日：每周一出具账单。

划扣规则：系统将在出账日（周一）的 9:00、14:00、19:00 自动进行三次划扣。

请您务必确保绑定银行卡余额充足，以免扣款失败影响信用。",/,,,
衍生业务,自营周卡类,11,自营周卡账单的扣款时间,"1.自营周卡可从解悠钱包、绑定银行卡进行划扣；
2.主动还款支持微信零钱还款或微信绑定银行卡（自主选择）。
注：划扣银行卡与日结银行卡一致，所以支持更换银行卡。","【自动扣款】
系统将于每周一9:00、14:00及19:00自动划扣周卡账单，请确保您ETC绑定的银行卡余额充足。

【手动补还】
如最后一次扣款失败，请及时登录“解悠货车服务”小程序，进入【周卡账单】点击【主动还款】。请务必于次日凌晨1:30前完成还款，即可保证ETC正常使用。",/,,,
衍生业务,自营周卡类,12,自营周卡逾期还款方式,"方法一.把钱存进解悠钱包、或绑定银行卡等待划扣；
方法二.前往解悠小程序手动还款，支持微信零钱还款，或微信绑定银行卡。
注：划扣银行卡与日结银行卡一致，所以支持更换银行卡。","方式一【自动补扣】
请确保您绑定ETC的银行卡余额充足，或将足额资金充值至解悠钱包。系统将于每日 8:00、13:00、20:00 自动发起补扣，扣款成功后，ETC服务将在 4至24小时 内恢复使用。

方式二【手动还款】
您可随时通过微信搜索并进入“解悠货车服务”小程序，登录后进入【周卡账单】，点击【还款】即可完成主动还款。还款成功后，ETC服务同样将在 4至24小时 内恢复使用。",/,,,
衍生业务,自营周卡类,13,,方法三.可申请对公转账。,"【对公转账信息通知】

应付金额：[请在此处填写金额] 元

单位名称：解悠数字科技（南京）有限公司

账号：125916877610000

开户行：招商银行股份有限公司南京分行营业部

开户行行号：308301006029

重要提示：转账成功后，请您务必将转账凭证截图或照片发送给解悠在线客服，我们将据此为您提交至相关部门处理，申请结清相关业务。",/,,,
衍生业务,自营周卡类,14,,"方法四.扫二维码转账。
注:千六手续费计算是看客户的[最新支付金额]，微信千六手续费金额=（最新支付金额-还款通道费）×0.006","您好，您需要支付的金额为 [请在此处填写金额] 元。

请您使用微信扫描上方二维码完成支付。支付成功后，请务必将带有“订单编号”的付款成功截图发送给解悠在线客服。

收到截图后，我们将立即为您提交至相关部门，为您申请办结业务。",/,,,
衍生业务,自营周卡类,15,自营周卡逾期人工结清操作流程（客服仅18点后可用）,"周卡后台→贷后管理→客户周卡账单→人工结清→必填项→确定，结清之后建议通过后台“策略管理”核实客户状态是否解黑（回调时间大概5分钟）
1.对公转账操作结清流程：
①结清类型：全部
②支付方式：选择“对公-银行”
③收款金额：结清页面的账单总额
④支付流水号：指导客户通过银行APP查找，若查询无果则直接跳过不填
⑤上传支付凭证(对公转账尽量附上流水号的截图）;
2.微信扫码操作结清流程：
①结清类型：全部
②是否收取手续费：选择“是”
③手续费金额:千六手续费
④支付方式：选择“对公-微信”
⑤收款金额：实收金额
⑥支付流水号：必填项
⑦上传支付凭证。
3.人工结清后，走“收款对账-划扣”工单至支持岗结清。",/,"工单类型：收款对账-划扣→流转人（王亚龙）
模板：姓名、联系方式、车牌号，客户周卡账单逾期，已对公/扫码结清，烦请核实处理。

注:需要附上最新的账单总额截图至工单附件。",,,
衍生业务,自营周卡类,16,自营周卡逾期人工结清注意事项(仅18点后可用),"1.对公转账的总金额：在人工结清时填写的[收款金额]参考[结清页面-账单总额]；
2.微信扫码的总金额：在人工结清时填写的[收款金额]参考[实收金额-千六手续费]，[手续费金额]填写千六手续费。
3.人工结清后，走“收款对账-划扣”工单至支持岗结清。",/,,,,
衍生业务,自营周卡类,17,自营周卡扣款失败原因提示：交易金额超出商户交易模式维度单笔支付限额,因农行单笔限额1万导致，建议客户更换其它银行卡绑定或开通解悠钱包充值进去进行划扣账单。,"您好，经查询，本次划扣失败是由于您绑定的【农业银行卡设有单笔1万元的交易限额】导致的。

为避免影响您后续的ETC通行，我们建议您选择以下任一方案：

【更换银行卡】：绑定一张其他银行的储蓄卡。

【使用解悠钱包】：开通并充值解悠钱包，系统将优先从钱包余额中划扣，无单笔限额困扰。",/,,,
衍生业务,自营周卡类,18,如何查询自营周卡周通行账单,/,"您好，查询周卡账单的路径如下：

请您微信搜索并登录 “解悠货车服务”小程序，在首页即可找到 【周卡账单】 入口，点击进入即可查询您所有的历史周卡账单及消费明细。",/,"=DISPIMG(""ID_560306606C2B4FE0A74B77FF13959AA4"",1)",,
衍生业务,自营周卡类,19,客户由于逾期账单问题被限制使用周卡，如何恢复使用？,"1.查询客户周卡状态，确认已被风险部门[董睿旋]关闭。
向客户解释关闭原因（逾期时间过长）。
2.若客户要求恢复周卡使用，则走CRM工单[催收业务回访工单]至催收部门处理并告知客户时效。","【高风险逾期客户沟通方案】


【情况一：告知最终处理决定（基础版）】

非常抱歉，由于您的ETC账单逾期时间较长，系统综合评估后已限制周卡业务的使用权限。

【情况二：提供升级处理通道（当客户要求重启周卡）】
（工作日）
我们理解您希望恢复周结扣款模式。如果您希望恢复周结业务的使用，我们可以将您的情况加急反馈至风控部门，由专员评估后为您提供解决方案。预计今日18:00前会有专员与您联系，请您保持手机畅通。

（非工作日/节假日）
我们理解您希望恢复周结扣款模式。如果您希望恢复周结业务的使用，我们可以将您的情况加急反馈至风控部门，由专员评估后为您提供解决方案。预计下一个工作日18:00前会有专员与您联系，请您保持手机畅通。",工单类型【回访-催收业务回访】,,,
衍生业务,自营周卡类,20,关闭自营周卡流程,"注：客户所注销的车辆已开通自营周卡，为避免继续产生账单影响注销事宜，客服需为客户操作暂停周卡后，继续走注销流程。

【操作暂停自营周卡流程】
产品后台→自营周卡操作→发起操作→输入客户办理手机号、选填需要暂停的车牌号→操作类型（暂停周卡）
","【关闭周卡功能服务流程】

【确认关闭原因】
您好，请问您是出于什么原因考虑关闭周卡功能呢？

【风险告知与最终确认（重要提示）】
您好，需要向您郑重说明：周卡功能一旦关闭，将无法自行在线上重新开通。如若后期需要再次使用，必须联系客服并由人工协助处理才能重新开启。请问在了解以上情况后，您确认需要关闭周卡功能吗？

【受理申请并告知处理时效】
情况A：工作日申请
① 正常流程
您申请的周卡关闭服务已反馈至相关部门，最晚将于下一个工作日18:00前有专员与您联系，请您保持电话畅通。
② 特殊情况（当天开通且未产生账单）
您申请的周卡关闭服务已反馈至相关部门，预计今日18:00前会有专员与您联系，请您保持电话畅通。

情况B：周末及节假日申请
① 正常流程
您申请的周卡关闭服务已反馈至相关部门，最晚将于下一个工作日18:00前有专员与您联系，请您保持电话畅通。
② 特殊情况（要求立即关闭）
已为您申请暂停周卡功能。后续如需再次开通，请联系解悠客服为您协助处理。

【处理超时跟进】（当首次处理超时未完成时）
非常抱歉为您带来了不便。我们已将您的周卡关闭申请再次加急反馈至相关部门，并确保在一个工作日内由专员与您联系，请您保持电话畅通。","工单类型：衍生业务→自营周卡→流转人（杜功雷）
模板：姓名、联系方式、车牌号以及关闭周卡的原因需要写明）
",,,
衍生业务,普惠,1,普惠跟解悠ETC是什么关系（暂时停用）,普惠是解悠ETC合作机构，可以放心使用。,您好，请您放心，“普惠”是我们解悠ETC官方合作的可靠机构，您可以安心使用。,/,,,
衍生业务,普惠,2,普惠-狮桥小贷开通，或逾期后会有其它额外费用吗？或协商减免部分费用、提及投诉时,"咨询普惠-狮桥小贷服务费的相关事宜，请参考对客话术。
1.客户不愿意联系普惠或者具有投诉意向时，客服需将客户信息同步至在班组长。","【处理普惠-狮桥服务费咨询流程】


【明确责任边界（首选方案）】
您好，关于普惠-狮桥小贷的服务费事宜，是由第三方机构独立审核和管理的。
最准确和高效的处理方式是直接联系普惠官方客服热线 95787 进行咨询，他们能为您提供最权威的解答。

【提供协助方案（备选方案）】（当客户持续追问、不接受首选方案时）
我们理解您希望我们协助处理。我们可以将您的问题记录并反馈给相关部门，由专人与第三方机构进行沟通协调。
预计3个工作日内会有初步进展，我们会通过电话或短信告知您结果，请您耐心等待。

【升级反馈在班组长（客户不接受""备选方案""时）】
非常理解您的心情，我处帮您登记相关信息升级反馈，预计于当日18点前致电联系，请您保持电话畅通。",,,,
衍生业务,普惠,3,普惠如何进行申请办理（暂时停用）,"凡涉及普惠产品的办理，CRM“业务回访”工单流转至衍生部（杜功雷）并企微告知。
注：客户通过400咨询普惠产品的办理，引导客户通过解悠在线客服索取小程序二维码申请，告知客户和在线客服描述是电话客服工号xxxx引导来的。","
【普惠暂停合作】
您好，目前普惠业务已暂停。如果您想了解后续恢复时间，可以添加我们的企业微信，关注之后的活动通知。

【联系普惠服务指引】

【工作日17点前】
您好，请您按以下步骤操作，以便我们为您协调处理：
1.请先进入 “解悠货车服务”小程序，联系在线客服获取 “普惠”官方小程序的专属二维码。
2.扫码后，请将本次为您服务的400热线客服工号提供给在线客服。
3.完成以上步骤后，我们已为您登记，预计当天17:00前会有专人联系您，请您保持电话畅通。

【工作日17点后及节假日】
1.您好，请您按以下步骤操作，以便我们为您协调处理：
2.请先进入 “解悠货车服务”小程序，联系在线客服获取 “普惠”官方小程序的专属二维码。
3.扫码后，请将本次为您服务的400热线客服工号提供给在线客服。
4.完成以上步骤后，我们已为您登记。由于您是在非工作时间提交，下一个工作日会有专人联系您，请您保持电话畅通。","工单类型：衍生业务（咨询普惠）→流转人（杜功雷）
模板：姓名、联系方式、车牌号，咨询普惠，烦请联系）",,,
充电业务,客服热线类,1,特来电客服热线,/,特来电充电服务热线：400-1300-001,/,,,
充电业务,客服热线类,2,星星客服热线,/,"星星充电服务热线：400-8280-768
（服务时间：9:00-18:00）",/,,,
充电业务,"营
销
活
动
咨
询
类
",1,我收到短信/看到弹窗说充电减免20元，是真的假的？不会是骗人的吧,/,"您好，您咨询的充电活动是真实有效的！这是我们刚推出的货车司机专属福利。

现在参加力度最大：首充直接减免20元服务费，充完还送3张5折券，后续充电长期省钱。

而且用解悠充电支持“零息账期”，先充电后付款，资金周转更轻松。

您现在登录“解悠充电”小程序就能参加，或者我教您操作，保证让您拿到福利！",/,,,
充电业务,"营
销
活
动
咨
询
类",2,你们这个活动是官方的吗？为什么以前没听说过解悠能充电？,,,/,,,
充电业务,"营
销
活
动
咨
询
类",3,我首充的“减免20元服务费卡券”怎么使用？,注：行驶证使用性质为“非营运”的客车不享有卡券权限。,"您好，这张“减免20元服务费卡券”是首充新客专享福利，使用很方便：

您完成充电进入支付页面后，系统会自动使用您账户中的可用卡券，并为您选择最优的一张自动抵扣服务费。优惠明细会在支付完成的订单详情页中展示。

温馨提示：
添加福利官，后续充电优惠券、活动信息也会第一时间推送给您，帮您不错过更多福利。",/,,,
充电业务,"营
销
活
动
咨
询
类",4,卡券可以用来抵扣哪些费用？,/,您好，卡券目前仅用于减免订单中的服务费部分，电费、超时占位费、通道费等其他费用暂不支持抵扣。,/,,,
充电业务,"营
销
活
动
咨
询
类",5,一笔订单能用多张卡券吗？,/,目前每笔订单仅支持使用一张卡券，暂不支持叠加使用，建议您选择最合适的一张进行抵扣。,/,,,
充电业务,"营
销
活
动
咨
询
类",6,如果多笔订单一起支付，卡券怎么用？,/,如果您有多笔订单合并支付，系统会自动为您选择最优的一张卡券进行抵扣，并将优惠金额合理分摊到每笔订单中，让您享受最大优惠。,/,,,
充电业务,"营
销
活
动
咨
询
类",7,哪里可以看到我有哪些卡券？,注：若客户不愿意前往充电小程序查看，强烈要求我处查询，受理客服可将客户信息（办理手机号）发至客服组长进行查询。,您可以在“解悠充电”小程序首页或“我的-卡券入口”中查看所有可用卡券，卡券名称、金额、有效期等信息都会清晰展示。,/,,,
充电业务,"营
销
活
动
咨
询
类",8,小型客车可以使用充电优惠券吗？,"关于充电优惠券的使用范围：
①支持使用的车辆类型：运营类乘用车（比如网约车）、新能源货车；
②暂不支持使用的车辆类型： 非运营类乘用车（如私家小型客车）。","您好，您看到的这张优惠券目前暂时无法使用，主要是因为当前活动规则有车型限制。充电优惠券目前仅面向网约车和新能源货车发放和使用，小型客车（非营运类乘用车）暂不支持使用。虽然您的小程序页面能看到优惠券，但系统在核销时会自动校验车型，不符合条件的无法抵扣。

后续如有针对小型客车的优惠活动，我们会通过小程序公告或消息推送及时通知您。感谢您的理解与支持！",,,,
充电业务,"营
销
活
动
咨
询
类",9,充电账单逾期还款时能用卡券吗？,/,可以。如果您有多笔逾期订单合并还款，系统会自动选用一张卡券进行优惠，并将优惠金额分摊到各笔订单中，确保您享受到对应折扣。,/,,,
充电业务,安全注意事项类,1,充电时有异响/烧焦味，正常吗？ (非常紧急，涉及安全),/, 如果充电时听到异响或闻到烧焦味，请立即停止充电，检查充电设备和车辆是否有明显损坏或异常，并马上联系场站管理人员或充电桩客服。,/,,,
充电业务,安全注意事项类,2,雨天充电，会不会有触电危险？,/,"请放心，雨天充电是安全的：

充电桩防护等级达IP54，能有效抵御正常雨量

充电接口有橡胶密封圈和流水孔设计，防止雨水流入

充电桩底部做了硬化处理，设备最低带电体有高度要求，积水不超过600mm不会浸入

充电过程中有实时绝缘监测，确保安全。",/,,,
充电业务,"新
办
咨
询
类
",1,你们充电产品可以绑定哪些银行卡划扣？,注：除举例说明的银行卡以外的其它1225家银行卡都需要从【京东支付】渠道进行绑定。,"【关于解悠充电绑定银行卡的说明】

您好，为了保障您的资金安全与便捷，解悠目前仅支持绑定储蓄卡（借记卡），暂不支持信用卡。

【目前充电已支持的银行包括：】
建设银行、农业银行、邮政储蓄银行、中国银行、兴业银行、中信银行、平安银行、上海银行、浦发银行、民生银行、广发银行、华夏银行、北京银行、浙商银行、交通银行等1000多家银行。",/,,,
充电业务,"新
办
咨
询
类",2,我名下有多个车，司机怎么登录账号充电？一个账号最多能几个人登录？,/,"您好，司机可以通过 “解悠充电”小程序，输入您办理业务时预留的手机号，获取验证码后即可登录充电。

关于登录人数：
一个账号没有人数限制，多位司机可以同时登录小程序进行操作，互不影响。

温馨提示：

验证码有效期为 10分钟，10分钟内不能重复获取，每天最多接收 50次 验证码；

充电完成后，费用将从您的ETC账户统一计费扣款，无需司机单独支付。",/,,,
充电业务,"新
办
咨
询
类",3,可以绑定支付宝和微信扣费吗？,/,目前解悠充电主要支持绑定银行卡代扣，这是基于ETC账户体系的安全支付方式。暂不支持支付宝或微信直接绑定，但通过银行卡即可完成支付，无需预充值，也很方便。,/,,,
充电业务,"新
办
咨
询
类",4,你们充电产品有没有会员可以办？,/,目前解悠充电暂未推出会员制度。但我们有月结信用服务，以及不定期的优惠活动，您可以关注小程序通知或官方公告，获取最新福利信息。,/,,,
充电业务,"新
办
咨
询
类",5,有专属的充电钱包吗？,/,解悠充电没有独立的“充电钱包”，而是基于您的ETC账户体系，实现“一个账户管理通行+充电”。您无需预充值，直接通过信用额度支付，账单合并管理，更加方便。,/,,,
充电业务,"新
办
咨
询
类",6,充电最多能绑定/添加多少辆车？,/,"【区分场景】
【情况一：解悠ETC客户】
您好，充电单人最多可以添加 50 台 车，单人额度上限3W。

【情况二：纯充电客户】
您好，充电单人最多可以添加 10 台 车，单人额度上限1W。",,,,
充电业务,"新
办
咨
询
类",7,我想用你们家的充电，怎么开通？,/,"【区分场景】

【情况一：解悠ETC客户】

您好，开通充电产品，需要您按照以下流程申请：

1.微信搜索小程序 “解悠充电” ；

2.进去后用您 办理 ETC 时的手机号 授权登录；

3.登录后点击绑定您的 车辆 VIN 码（也就是车架号） ，点一下开通就可以了。

【情况二：纯充电客户】

您好，开通充电产品，需要您按照以下流程申请：

1.微信搜索小程序 “解悠充电” ；

2.进去后用手机号登录，上传身份证件完成实名认证；

3.在首页找到“添加车辆”，上传行驶证完成添加。

4.最后绑定一张您常用的银行卡 用于支付；

完成以上步骤后，即可正常使用充电服务。",/,,,
充电业务,"新
办
咨
询
类",8,解悠支持哪些运营商的充电服务？,/,您好，解悠目前已支持多家主流充电运营商，包括：星星充电、特来电、云快充。您可以直接通过解悠平台使用这些运营商的充电服务，后续如有新增合作方，我们也会及时同步。,,,,
充电业务,"新
办
咨
询
类",9,我想用你们家充电的周结/月结产品，怎么办理？,/,"您好，如果想使用周结/月结充电产品，需要您按照以下流程申请：
具体流程如下：

微信搜 “解悠充电” 小程序，登录；

在首页点击 “立即开通”；

照着页面提示填完信息就行。

开通后充电不用当场付钱，统一到结算周期再扣款。

如果首页没看到“立即开通”按钮，您截图发我，我帮您看下。",/,,,
充电业务,新办报错,1,新办报错提示：身份证信息与注册信息不一致,"1.收集客户信息：姓名、车牌号、手机号和报错截图。
2.创建CRM工单流转至在班业务组长。
3.组长在充电后台注销用户信息，并将处理结果通过工单返回至客服。
4.客服同步客户重新尝试操作。","【收集信息】
您好，您反馈的问题需要反馈相关专员帮您核实处理。麻烦您提供一下：姓名、车牌号、 手机号和报错页面截图。

【升级处理】
您反馈的报错问题我们已加急提交至相关专员核查。我们会在收到回复后的第一时间主动联系您，请您耐心等待。

【同步处理结果】
您好，您之前反馈的问题已处理完成。请您现在重新尝试操作。如果仍有问题，请随时联系我们。",,"=DISPIMG(""ID_D6C03B36857847AEA6A84792BA601005"",1)",,
充电业务,"充
电
问
题类
",1,扫码后，枪插上了，但启动不了充电，是什么原因？,/,"【初步判断类型】
1.请问您咨询的充电桩品牌是什么？

【处理方案】
请您按以下步骤排查：
① 确认车辆已熄火
② 检查充电枪是否连接到位，桩上是否有“充电枪已连接”提示
③ 查看充电枪头有无异物，确保接触良好
④ 如果车辆电池温度过高，可等温度下降后再试
⑤ 尝试更换其他充电桩

如果以上方法都不行，建议联系充电桩客服进一步排查。",/,,,
充电业务,"充
电
问
题类",2,“整个桩都没电/离线了。”,,请您先观察充电桩屏幕或指示灯是否有错误提示。了解情况后，建议您及时联系场站工作人员或充电桩客服进行排查。,/,,,
充电业务,"充
电
问
题类",3,充了一会儿自己停了，是什么情况？,/,"【初步判断类型】
请问您咨询的充电桩品牌是什么？

【处理方案】
该报错是由于充电枪接触不良或设备故障导致的，您可以尝试拔枪重新启动。若尝试无果，建议您联系充电桩客服进行排查。",/,,,
充电业务,"充
电
问
题类",4,跳枪了怎么办？,/,"【初步判断类型】
请问您咨询的充电桩品牌是什么？

【处理方案】
这种情况一般是充电枪接触不良或设备故障导致的。您可以尝试拔枪重新启动。如果还不行，建议联系充电桩客服排查。",/,,,
充电业务,"充
电
问
题类",5,充电枪拔不下来了，卡住了！ (非常紧急),"1.查看是否已经停止充电完成
2.重新启动充一笔再结束充电
3. 使用电桩配置的解锁钥匙解锁充电枪手柄处的解锁孔。
4.联系站场的管理人员或联系充电桩客服","【初步判断类型】
请问您咨询的充电桩品牌是什么？

【处理方案】
请您按顺序尝试以下操作：
① 确认手机或桩屏是否已结束充电
② 重新启动一次充电，然后立即结束
③ 使用桩体配置的钥匙插入枪孔解锁（需联系站点工作人员）
④ 联系场站管理人员或充电桩客服

温馨提示：请不要强行拔枪，以免损坏设备。",/,,,
充电业务,"充
电
问
题类",6,为什么充电枪有时会“锁住”？,/,正常充电结束时按下机械锁即可拔枪。如果拔不出来，可能是枪内部电子锁未完全解锁，导致机械锁无法按下。,/,,,
充电业务,"充
电
问
题类",7,充完电了，充电枪拔不下来了,/,"【初步判断类型】
请问您咨询的充电桩品牌是什么？

【处理方案】
① 大部分车辆需要结束充电才能拔枪，且自带锁定装置。建议您用车钥匙按两下解锁键，再尝试拔枪。
② 少数车辆需要再次启动充电，等电流稳定后结束，再拔枪。
③ 如果还不行，建议拨打充电桩客服热线咨询。",/,,,
充电业务,"充
电
问
题类",8,为什么有的设备小程序上显示是好的，实际充不了？,/,这种情况可能由多种原因导致，比如：充电桩临时故障、网络通信异常、设备与平台兼容性问题，或设备正在维护。建议您尝试更换附近其他充电桩，或稍后再试。,/,,,
充电业务,"充
电
问
题类",9,无法停止充电怎么办？,/,如果是设备断电或信号不好导致订单“挂起”，您可以直接拔枪驶离。设备恢复后，订单会自动结束，按实际充电量计费。,/,,,
充电业务,"充
电
问
题类",10,什么是“超时占位费”？,/,"您好，超时占位费是指在您使用公共充电桩充满电后，车辆仍长时间停留在充电车位上，由充电桩运营方收取的一项服务费用。
这项规则主要是为了提升充电桩的周转效率，避免因占位影响其他车主充电，保障大家都能及时充上电。建议您在充满后尽快驶离，以免产生额外费用。",/,,,
充电业务,"充
电
问
题类",11,充电提示报错：充电桩已禁用,/,"
您好，遇到这种情况别着急，通常是以下两个原因造成的：

超时占位费：如产生超时占位费，该站点会暂时禁用，无法充电；

设备临时异常：可能是充电桩未检测到可用设备，或设备暂时离线。

建议您先尝试更换附近其他充电桩。您可以在“解悠充电”小程序首页查看周边站点的空闲桩，一键导航前往。

如更换后仍无法充电，或您有其他疑问，欢迎随时联系我们，我们将尽快为您处理。",/,"=DISPIMG(""ID_B390D3DE17A54B879224650210175170"",1)",,
充电业务,"充
电
问
题类",12,充电提示报错：身份证失效，请前往解悠货车服务进行证件更新,引导客户前往“解悠货车服务”小程序→我的→点击“证件更新”，更新证件后再返回充电小程序操作充电。,"您好，该报错是因为您的身份证件信息需要更新，请您按以下几步操作即可操作充电：

打开微信，搜索并进入 “解悠货车服务” 小程序；

在页面右下角点击 “我的”；

找到并点击 “证件更新”，按提示完成证件信息更新；

更新成功后，返回原充电小程序，即可正常启动充电。

操作中如有问题，随时可以联系我们。",/,"=DISPIMG(""ID_6D6288AB9BD540C5B05CD2BD5F80700B"",1)",,
充电业务,"充
电
问
题类",13,充电提示报错：没有在用的支付渠道,引导客户前往“解悠充电”小程序→我的→点击“银行卡”→点击“使用中”的渠道后，再前往充电。,"您好，这个报错需要您按照以下流程操作：

打开“解悠充电”小程序，点击底部导航栏的 “我的”；

在“我的”页面找到并点击 “银行卡”；

进入后，请点击其中 “使用中”的渠道按钮；

设置完成后，返回充电页面重新扫码或启动充电即可。",/,"=DISPIMG(""ID_F211E6AAA5A84C6E87E61792CDE118AF"",1)",,
充电业务,"充
电
问
题类",14,充电提示报错：车辆Vin码重复，请联系客服处理,"场景1：:客户已在解悠ETC绑定此车辆，所以无需重新在解悠充电二次绑定，直接充电默认绑定ETC渠道扣费。
场景2：使用VIN核实是否车辆的VIN 码已在解悠平台与其他车牌绑定，如为此情况会导致导致系统检测到同一VIN 码关联了多个车牌，因此无法使用解悠充电服务。
注：需要在CRM系统查明客户信息再按此流程做解答。","场景一：客户车辆已完成绑定
您好，该报错是因为您的车辆已经在“解悠ETC”渠道完成了绑定，所以无需在我方充电平台再次进行绑定操作。

您直接正常充电即可，系统会自动识别并默认通过您已绑定的ETC渠道进行扣费，不影响您的正常使用。

场景二：VIN码已绑定其他车牌
您好，经核实您的VIN 码已在解悠平台与其他车牌绑定，此情况会导致导致系统检测到同一VIN码关联多个车牌，因此无法使用解悠充电服务。",/,"=DISPIMG(""ID_658A728C98534CC881CD682FAE32ECB6"",1)",,
充电业务,"充
电
问
题类",15,充电提示报错：无效的二维码,"1.需要向客户核实是否是通过“解悠充电”小程序导航且该小程序扫码的。
2.若已核实以上都是通过“解悠充电”小程序操作，则走CRM工单【充电业务-充电售后】反馈至【客服组长】处。","【场景一：客户不是通过“解悠充电”小程序扫码】

您好！该报错是因为您当前使用的扫码方式非通过“解悠充电”小程序。

需要提醒您：请通过“解悠充电”小程序内的导航以及扫码功能，扫描该小程序支持的充电桩二维码，才能正常启动充电。

建议您打开解悠充电小程序，重新扫码尝试。如果仍有问题，欢迎随时联系我们。感谢您的理解！

【场景二：客户是通过“解悠充电”小程序扫码，但仍报错】

您好！关于您反馈的此问题。我们已将这一问题记录下来，并尽快为您核实。

请您稍作等待，我们会在有结果后第一时间告知您。感谢您的耐心与支持！",工单类型【9901划扣问题】,"=DISPIMG(""ID_51A71891349A4D3D9AB9E7C9762E7D08"",1)",,
充电业务,"账
单
与
还
款
类
",1,"
不同结算方式的额度是多少，可以提额吗？",需要区分场景作答。,"【区分场景】
【情况一：解悠ETC客户】
您好，不同结算方式的额度如下：

日结：单车每日额度为 500元；

周结：目前面向 新能源中重卡 开放，单车额度 3000元/周，单人额度 30000元；

月结：目前面向 新能源轻微卡 开放，单车额度 3000元/周，单人额度 30000元。

【情况二：纯充电客户】
您好，不同结算方式的额度如下：

日结：单车每日额度为 500元，单人额度 10000元；

周结：目前面向 新能源中重卡 开放，单车额度 1000元/周，单人额度 10000元；

月结：目前面向 新能源轻微卡/乘用车 开放，单车额度 1000元/周，单人额度 10000元。
",/,,,
充电业务,"账
单
与
还
款
类",2,充电账期的额度可以提额？,/,额度调整会综合您的个人还款记录进行评估。只要您保持按时还款、信用良好，现有额度通常能保持稳定。后续如有提额政策，我们将通过官方渠道统一通知，请您持续关注。,/,,,
充电业务,"账
单
与
还
款
类",3,我的月结/周结还有额度，为什么直接走日结划扣了？,若月内/周内的充电费超过授信额度，则超额度后的账单将执行日结充电产品规则，次月/次周还款成功后释放额度。,"您好，非常理解您的疑问。您账户显示的‘周结/月结额度’是指您累计未付账单的最高授信上限，并不是指单次充电的额度。

这次触发日结划扣，是因为您本次（本周/本月内）累积的未付充电费用，已经超过了系统给予您的授信总额度。为了保障您的正常充电不受影响，超额度后的新账单系统会自动切换为‘单次日结’模式。

只要您在次周/次月的还款日将账单结清，系统会立即为您恢复全部的周结/月结额度，后续充电就会恢复正常周结/月结模式了。
",/,,,
充电业务,"账
单
与
还
款
类",4,充电周/月结有费用吗？,/,开通月结服务本身是免息的，不收取额外费用。您可以在账期内享受“先充后付”的信用服务。但如果账单逾期未还，会产生逾期费用（按每日未还金额的0.1%计算）和支付通道手续费。建议您按时还款，避免额外支出。,/,,,
充电业务,"账
单
与
还
款
类",5,充电结束了，怎么没看到账单？,/,您好，数据同步可能会有短暂延迟，建议您稍等片刻后刷新页面再查看。同时可以检查一下手机网络是否稳定。,/,,,
充电业务,"账
单
与
还
款
类",5,日结充电账单扣款时间规则是什么？,/,"出账单：
当日20:30以前产生的充电账单，当天扣款；20:30之后产生的，次日扣款。

扣款时间：
账单出后实时扣款1次，以及当天8:30、20:30各扣款一次。20:30扣款失败后，可在充电账单页面主动还款。",/,,,
充电业务,"账
单
与
还
款
类",6,周结充电账单扣款时间规则是什么？,/,"出账单规则：
当周充电账单，次周一统一划扣。

扣款时间：
次周一出账单后，分别在9:00、14:00、19:00进行扣款。19:00扣款失败后，可在充电账单页面主动还款。",/,,,
充电业务,"账
单
与
还
款
类",7,月结充电账单扣款时间规则是什么？,/,"出账单规则：
当月充电账单，次月1日统一划扣，按自然月计算（30/31天）。

扣款时间：次月1日出账单后，分别在9:00、14:00、19:00进行扣款。19:00扣款失败后，可在充电账单页面主动还款",/,,,
充电业务,"账
单
与
还
款
类",8,月结/周结充电账单/超时占位费怎么提前还款？,"1.若需提前关闭产品，需先结清账单后方可操作；
2.多车场景下，如需单独为某辆车还款，可单独关闭对应车辆的月卡产品；
2.1如需为所有车辆统一还款，也可直接选择全部结清。

注意：
①月结/周结充电账单提前还款只能选择微信主动还款，无千六手续费。
②超时占位费提前还款正常收取千六手续费。","【单独为某辆车还款】
您可以通过“解悠充电”小程序，进入“充电记录”找到对应车辆的月结或周结充电订单，点击“提前还款”即可操作。

温馨提示：提前还款只能选择微信主动还款，无千六手续费。
【为所有车辆统一还款】
您可以通过“解悠充电”小程序，进入“充电记录”找到名下所有车辆的月结或周结充电订单，点击“提前还款”，操作全部结清即可。

温馨提示：提前还款只能选择微信主动还款，无千六手续费。",/,,,
充电业务,"账
单
与
还
款
类",9,充电账单如何避免拉黑，什么时间拉黑？,/,"1.拉黑规则：
系统于T+1日2：30自动对充电账单未划扣成功客户进行下黑操作，暂停充电和ETC通行服务。

2.手动还款不拉黑的时间：
若充电账单划扣失败，可在当晚的20:30至次日凌晨1:30内前往“解悠充电”小程序→充电订单→支付逾期→手动还款操作，该时间段内手动还款ETC不会进入黑名单。",/,,,
充电业务,"账
单
与
还
款
类",10,充电逾期账单还款方式,"方法一：把钱存入绑定银行卡中等待系统自动补扣；
方法二：前往充电小程序主动还款；","逾期还款有两种方式：
① 把钱存入绑定账户，等待系统在8:40或20:40自动补扣。扣款成功后4-24小时恢复使用。
② 微信搜索“解悠充电”小程序→充电订单→支付逾期→手动还款。还款成功后4-24小时恢复使用。",/,,,
充电业务,"账
单
与
还
款
类",,,"方法三：
可申请对公转账案例：
1.1农行超10000元，次日可联系解悠在线客服申请对公转账；
1.2新车主/代理代原车主偿还逾期账单申请对公转账；","【对公转账信息通知】

应付金额：[请在此处填写金额] 元

单位名称：解悠数字科技（南京）有限公司

账号：125916877610000

开户行：招商银行股份有限公司南京分行营业部

开户行行号：308301006029

重要提示：转账成功后，请您务必将转账凭证截图或照片发送给解悠在线客服，我们将据此为您提交至相关部门处理，申请结清相关业务。",工单类型：【收款对账-充电业务】,,,
充电业务,"账
单
与
还
款
类",,,"方法四：
可申请扫二维码转账案例：
1.1新车主/代理代原车主偿还逾期账单申请扫二维码码支付；
2.2客户银行卡冻结且不会操作手动还款.对公转账等方式申请扫二维码码支付；","您好，您需要支付的金额为 [请在此处填写金额] 元。

请您使用微信扫描上方二维码完成支付。支付成功后，请务必将带有“订单编号”的付款成功截图发送给解悠在线客服。

收到截图后，我们将立即为您提交至相关部门，为您申请办结业务。",工单类型：【收款对账-充电业务】,,,
充电业务,"账
单
与
还
款
类",11,怎么查看充电账单？,通过“解悠充电”小程序→充电记录页面查看。,"您可在“解悠充电”小程序中进入“充电记录”页面，查看：

1.进行中订单

2.已完成订单（含实际扣款金额）

3.月结账单（按账期汇总）

",/,,,
充电业务,"账
单
与
还
款
类",12,如何关闭周/月结充电产品？,"关闭周结/月结充电服务前置核查规范
【核实账单状态】
在为客户申请关闭周结或月结服务前，需首先确认其对应的周/月充电账单是否已结清。

【根据账单状态处理】
1.已结清：可直接为客户申请关闭服务。
2.未结清：
2.1若客户接受等待系统划扣，请引导其耐心等待划扣成功后，再申请关闭。
2.2若客户不认可划扣时间，希望立即关闭，则引导客户先通过“提前还款”功能结清账单，还款成功后再为其申请关闭。
注：针对客户表述的原因在可解决的范围内需提供合理方案进行解决（必要流程）","【关闭充电功能服务流程】

【确认关闭原因】
您好，请问您是出于什么原因考虑关闭充电功能呢？

【风险告知与最终确认（重要提示）】
您好，需要向您郑重说明：充电周/月结功能一旦关闭，将无法自行在线上重新开通。如若后期需要再次使用，必须联系客服并由人工协助处理才能重新开启。请问在了解以上情况后，您确认需要关闭充电功能吗？

【受理申请并告知处理时效】
① 正常流程
您申请的充电账期关闭服务已反馈至相关部门，最晚将于下一个工作日会为您关闭，请您耐心等待。
② 特殊情况（当天开通且未产生充电记录）
您申请的充电账期关闭服务已反馈至相关部门，预计今日18:00前会为您关闭，请您耐心等待。


【处理超时跟进】（当首次处理超时未完成时）
非常抱歉为您带来了不便。我们已将您的充电账期关闭申请再次加急反馈至相关部门，预计今日18:00前会为您关闭，请您耐心等待。","工单类型：充电业务→关闭充电→流转人（客服组长）
模板：姓名、联系方式、车牌号以及关闭充电的原因需要写明
",,,
充电业务,"账
单
与
还
款
类",13,如何重新开启充电周/月结充电产品？,需要流转工单至【客服组长】申请重新开启此业务。,"【受理申请并告知处理时效】

您申请的充电账期开启服务已反馈至相关部门，最晚将于下一个工作日会为您开启，请您耐心等待。
","工单类型：充电业务→重启充电→流转人（产品部）
",,,
充电业务,"账
单
与
还
款
类",14,充电账单逾期后有额外费用吗？,/,"除原账单金额外，还会收取：

逾期费 =（充电费 + 服务费）× 0.1% × 逾期天数（每日累计）

微信主动支付通道手续费：千分之六（由微信拉卡拉侧收取）",/,,,
充电业务,"账
单
与
还
款
类",15,逾期后产品的逾期费用注意事项,"1.充电新用户拉黑无5元返白费，返白费只在ETC侧的用户账单进行收取。
2.逾期之后会产生每天千1的滞纳金。
注：
1.若ETC侧的账单当天有账单逾期拉黑，则收一次返白费；
2.客服在解答相关优惠时需注意区分用户来源，避免错误承诺。
",/,/,,,
充电业务,"账
单
与
还
款
类",16,"客户提问：xxx车牌号，充电桩业务的服务费是多少？
（费用是怎么计算的？电费和服务费各是多少？）",/,总费用由服务费和电费组成，不同场站，不同时间段的电费和服务费都不同。具体费率可以通过充电账单进行查看。,/,,,
充电业务,"账
单
与
还
款
类",17,超时占位费为什么没有走我的周/月结放款？,不支持走周卡/月卡额度，走日结模式从客户绑定银行卡扣费。,"非常理解您的感受，关于超时占位费的扣款方式，我帮您解释一下：

超时占位费是指在车辆充满电后，仍长时间占用充电车位所产生的费用。由充电桩运营方收取的一项服务费用。所以系是走绑定银行卡日结扣款的。

为避免因费用逾期影响您的正常充电功能以及ETC通行使用，请您保持绑定银行卡余额充足，确保扣款成功。",,,,
充电业务,账号管理,1,如何注册/登录充电小程序？/充电小程序有哪些登录方式？,"微信搜索“解悠充电”小程序，进入小程序后，点击“我的”，左上角点击“立即登录”，有三种注册/登录方式：

1.微信注册/登录：勾选用户协议，点击“?键快捷登录/注册”按钮。

2.手机号验证码注册/登录：输入手机号，获取验证码。

3.账号密码登录：点击“账号密码登录”，输?账号和密码 ，点击登录。（此方式?持多?同时登录同?账号，暂不限制同时在线?数）","您好，注册/登录“解悠充电”小程序的步骤如下：

第一步：进入小程序
打开微信，在顶部的搜索框中输入“解悠充电”，点击搜索结果中的小程序进入。

第二步：找到登录入口
进入小程序后，点击底部导航栏的“我的”，然后点击左上角的“立即登录”。

第三步：选择一种登录方式
系统会为您提供三种注册/登录方式，您可以根据自己的情况选择：

1.微信一键注册/登录（最方便）
→ 勾选同意“用户协议”，然后点击“一键快捷登录/注册”按钮即可。首次使用会自动注册，下次直接登录。

2.手机号验证码注册/登录
→ 输入您的手机号，点击“获取验证码”，收到短信后输入验证码，点击登录即可（同样会自动完成注册）。

3.账号密码登录（适合车队/多人共用）
→ 点击“账号密码登录”，输入您的账号和密码，再点击登录。
→ 这个方式支持多人同时登录同一账号，暂时不限设备数量。

登录成功后，您就可以正常使用充电服务了。后期遇到任何问题您都可以进线反馈，我们会及时协助您处理的。",,,,
充电业务,账号管理,2,充电小程序如何查看绑定的手机号？,微信搜索“解悠充电”小程序，进入小程序后，点击“我的”，点击“设置”，点击“账号管理”，点击“手机号管理”，可查询当前账号绑定的注册?机号。,您好，查看当前绑定的手机号，需要微信搜索“解悠充电”小程序，进入小程序后，点击“我的”→“设置”→“账号管理”→“手机号管理”，即可看到您账号绑定的注册手机号。,,,,
充电业务,账号管理,3,充电小程序如何绑定或查看已绑定的微信？//为什么客户的微信无法一键登录了？,"1.引导客户进入“我的”→“设置”→“账号管理”→“微信绑定管理”，可查看已绑定的微信信息。

2.如需绑定新微信：点击“绑定微信”，按微信授权提示完成即可。

3.若客户反馈原本可以用微信一键登录，现在突然不行了：

解释覆盖规则：同一个手机号注册的账号，如果被多个微信绑定，最后一次使用“微信一键登录”的微信会覆盖之前的绑定。之前的绑定人无法再通过微信一键登录。

解决方式：被覆盖的用户（原绑定人）请使用“手机号验证码”方式登录，登录后重新进入“微信绑定管理”绑定自己的微信即可恢复。","您好，您可以在“我的”→“设置”→“账号管理”→“微信绑定管理”中查看当前账号已绑定的微信，也可以在此处绑定新的微信。

如果您突然无法用微信一键登录，可能是因为同一个账号被其他微信最后一次使用了一键登录，导致您的微信被“覆盖”了。

解决方法：请您先用“手机号验证码”方式登录账号，然后进入“微信绑定管理”，重新绑定您自己的微信，之后就可以正常使用微信一键登录了。",,,,
充电业务,账号管理,4,充电小程序的登录名和密码如何设置/修改？,"1.引导客户进入“我的”→“设置”→“账号管理”→“登录名和密码设置”。

2.需要客户先用注册手机号验证身份（获取短信验证码）。

3.验证通过后：登录名默认为注册手机号，客户可自行修改（建议使用字母数字组合）。输入新密码并确认。

4.保存后覆盖原有登录名和密码，后续使用新的登录名和密码进行“账号密码登录”。","您好，设置或修改登录名和密码的路径为：“我的”→“设置”→“账号管理”→“登录名和密码设置”。

您先用注册手机号接收验证码，验证通过后，您就可以修改登录名（默认为手机号，您可以改成自己喜欢的账号名）和密码了。

修改保存后，下次登录时请使用新的登录名和密码点击“账号密码登录”。",,,,
充电业务,充电售后类,1,我的附近哪有电桩可以使用？,/,"您好，查找附近充电桩，您可以通过以下步骤轻松操作：
① 打开“解悠充电”小程序，授权获取您的位置
② 点击首页【附近充电站】，系统会自动按距离远近展示充电桩
③ 您可以用筛选功能，选择“即插即充”、“停车减免”、“空闲桩数”等，快速找到合适的场站
④ 想直观查看分布，可切换到地图模式，或直接搜索目的地查找周边充电站
⑤ 选定场站后，点击“导航”即可一键出发
如果操作中遇到问题，欢迎随时联系我们，祝您充电顺利！

",/,,,
充电业务,充电售后类,2,怎么找到支持“即插即充”的充电站？,/,您在“解悠充电”小程序首页进入“附近充电站-地图找桩”查看，站点会标注是否支持即插即用、是否有停车减免、各类型充电桩的空闲数量等信息，方便您筛选。,/,,,
充电业务,充电售后类,3,充电过程中，使用车内电器有什么影响吗？,/,"充电时开启空调、音响等电器，会因电流过大可能导致电器受损（特别是快充时）

消耗电量，延长充电时间。

【正确做法】
充电前关闭所有电源设备，再连接充电桩充电。",/,,,
充电业务,充电售后类,4,充电流程是怎样的？,/,"您好，解悠充电提供两种便捷的充电方式：

1.VIN码即插即充：在支持的合作充电桩（如星星、特来电等）上，插枪后自动识别您的车辆，直接开始充电，结束拔枪即可，系统自动扣款。

2.扫码充电：通过“解悠充电”小程序扫描充电桩上的二维码，确认信息后即可启动充电，同样支持结束后自动扣款。

您可以通过小程序查找附近站点，一键导航前往。充电费用将根据您的账户设置进行支付。

",/,,,
充电业务,充电售后类,5,什么是“VIN码即插即充”？怎么使用？,VIN码即插即充功能现已面向全产品用户开放。若客户已开通周结/月结产品，系统优先从周结/月结账户放款；若未开通，则按日结或其他产品类型正常计费。,"【功能介绍】
VIN码即插即充，是指在合作充电桩上，您只需插枪，系统就会自动识别您的车辆并开始充电，无需扫码，也无需操作手机。

【扣款规则】

如果您已开通周结或月结服务，系统会优先从您的账期额度中进行放款；如果您未开通账期服务，则会按您当前使用的产品类型正常计费。

【结束说明】

充电完成后，系统会自动扣款，真正做到“插枪即充，拔枪即走”，省心又便捷。

",/,,,
充电业务,充电售后类,6,车辆充电前需要先熄火吗？,/,"是的，为了安全起见，充电前务必先熄火。车辆熄火后，将充电枪连接车辆充电口，再启动充电。充电完毕后点击""停止充电""，再将充电枪拔出。",/,,,
充电业务,充电售后类,7,充电过程中可以拔枪吗？,/,"不可以。充电过程中拔枪或按急停按钮，会影响电池寿命、损坏车辆充电接口。

【正确做法】

通过“解悠充电”小程序点击“停止充电”后再拔枪

或等车辆充满自动停止后再拔枪。",/,,,
充电业务,充电售后类,8,如何选择快充慢充？,/,"快充（直流）：桩体较大像冰箱，枪线较粗，9孔枪头，充电1-2小时，适合纯电车快速补电

慢充（交流）：桩体较小像背包，枪线较细，7孔枪头，充电6-8小时，适合油电混合车正常补电

温馨提示：同一站点快慢充电价相同。如果不着急用车，建议优先选慢充，或快慢充交替使用，能更好保护电池、延长寿命。
",/,,,
充电业务,充电售后类,9,慢/快充的充电时间是多久？,/,"慢充：交流7kw，每小时最多充7度电

快充：直流桩功率不同，一般1-2小时左右

温馨提示：实际充电时间与您的车型也有关，取决于车辆需求功率。",/,,,
充电业务,充电售后类,10,我已经关闭解悠周结/月结充电服务，为什么还从我的ETC账户扣费？,关闭周结/月结充电服务后，客户侧若使用“解悠充电”小程序充电，会产生日结账单并从ETC账户进行划扣。,"您好，关闭周结/月结充电服务后，如果您仍通过“解悠充电”小程序正常使用充电服务，会产生日结充电账单，相关费用会从您的ETC账户进行划扣。

如需停止所有扣费，请确保不再使用该小程序进行充电操作。",/,,,
充电业务,充电售后类,11,怎么关闭解悠充电的即插即充？,/,"您好，请您按照以下流程操作关闭即插即充功能：

打开“解悠充电”小程序，点击右下角的 “我的”

在“我的”页面找到并点击“即插即充”

进入后，请点击“关闭”即可。
",/,,,
充电业务,充电售后类,12,为什么我关闭了解悠充电服务，但在星星充电/特来电小程序里无法使用“即插即充”功能了？,/,"您好，这是因为您之前通过“解悠充电”小程序授权了VIN码即插即充功能，该授权会覆盖您在星星充电/特来电等平台的即插即充设置。

您只需按以下步骤操作即可恢复：

打开“解悠充电”小程序，点击右下角的 “我的”

在“我的”页面找到并点击“即插即充”

进入后，请点击“关闭”即可。

关闭成功后，再打开“星星充电”或“特来电”小程序，重新授权VIN码即插即充功能即可正常使用。",/,,,
充电业务,充电售后类,13,为什么解悠充电无法使用“即插即充”功能？,/,"【初步判断类型】
请问您咨询的充电桩品牌是什么？

【处理方案】
您好，“即插即充”功能需要您手动开启并选择对应的充电运营商后才能正常使用。

请按以下步骤操作：
打开“解悠充电”小程序，点击右下角的 “我的”

在“我的”页面找到并点击“即插即充”

进入后，选择您需要使用的充电运营商（星星充电、特来电）并点击开启，即可正常使用该功能。",/,,,
充电业务,充电售后类,14,如何解绑充电车辆？,"1.探索客户解绑真实原因，做必要挽留（如：操作问题、额度问题、设备问题等可解决范围内提供方案）
2.客户坚持解绑，通过客服车辆管理功能操作解绑（权限待确认），进入解绑处理流程","【客户解绑充电车辆服务流程】

【确认解绑原因】
您好，请问您是出于什么原因考虑解绑车辆呢？我们可以帮您看看是否有其他解决方案。

【风险告知与最终确认（重要提示）】
您好，需要向您说明：车辆解绑后，该车辆将无法再使用本账户进行充电。如需重新绑定，需联系客服处理。请问确认需要解绑吗？

【受理申请并告知处理时效】
① 正常流程
您申请的充电车辆解绑服务已反馈至相关部门，最晚将于下一个工作日会为您关闭，请您耐心等待。
② 特殊情况（当天开通且未产生充电记录）
您申请的充电车辆解绑服务已反馈至相关部门，预计今日18:00前会为您关闭，请您耐心等待。


【处理超时跟进】（当首次处理超时未完成时）
非常抱歉为您带来了不便。我们已将您的充电车辆解绑申请再次加急反馈至相关部门，预计今日18:00前会为您解绑，请您耐心等待。","工单类型：充电业务→关闭充电→流转人（客服组长）
模板：姓名、联系方式、车牌号以及关闭充电的原因需要写明
",,,
充电业务,充电售后类,15,如何上调充电月卡的额度？（充电月卡额度调整仅对解悠ETC客户开放，纯充电客户暂未开放调额权限）,"1.前置步骤：客户申请提额
①客户提出将充电月额度提升至3000元。

②客服调取该客户 ETC逾期记录（含周卡逾期）。
逾期记录查询步骤：CRM系统→客户信息总览（根据关键信息查询）→用户查询“账务信息”→（查看）历史逾期总数。

2.判断客户逾期次数

2.1逾期次数≤4次，客服直接提额。
①客服在系统中将客户充电月额度调整为 3000元。
②告知客户额度已调整成功，即时生效。
③提醒客户按时还款，避免后续额度受限。
④调额操作步骤：解悠充电运营平台→金融客户管理→充电金融客户列表→调整额度（根据实际情况填写“调整后额度”与“调额原因”）

2.2逾期次数≥5次，转风险部处理（需先确认客户逾期欠款已全部结清）
①前提条件：客户名下所有逾期款项必须已全部结清。
②若未结清 → 直接告知客户先结清欠款，暂不受理提额申请。

3.处理步骤：

3.1客服告知转风险部

①创建CRM工单，将客户提额申请流转至风险部。

②告知客户：申请已转交风险部，将在1-3个工作日内联系。

3.2风险部复核

①风险部审核客户资质、逾期记录、还款情况等。

②联系客户，告知需配合事项：提供一个紧急联系人号码。（如车辆属于公司，需提供公司实际控股人号码。）

③核实无误后，为客户申请提额至3000元。

④告知客户后续逾期可能产生的影响。

3.3结果通知

①风险部直接电话通知客户审核结果。

②客服不做二次跟进。","【信息查询】
您好，请您提供一下办理人姓名、联系电话、车牌号帮您查询。

【根据查询结果处理】

场景1：客户申请提额，客服查询后逾期次数≤4次
您好，您的充电月额度提升申请已通过审核。现已将您的额度调整为 3000元，即时生效。后续请您注意按时还款，避免因逾期导致额度受限。如有其他问题，随时联系我们。

场景2：客户逾期 ≥ 5次，但欠款已结清（转风险部）
您好，您的提额申请已收到。由于您过往存在多次逾期记录（已结清），按规定需要由风险部门进行复核处理。我这边已为您将申请转交至相关部门，他们会在 1-3个工作日内 主动联系您，请您保持电话畅通。感谢您的理解与配合。

场景3：客户逾期 ≥5次，且仍有欠款未结清（不予受理）
您好，经查询您名下的ETC账户当前仍有逾期欠款未结清。根据规定，暂无法为您办理额度提升申请。请您先结清所有欠款，之后可重新申请提额。",,,,
充电业务,充电售后类,16,为什么我注册后不能直接使用500元的日结额度？,"说明：(新用户首充后日结额度规则)
1.仅限日结新用户首笔订单。
2.首充完成后额度自动生效。",您好，新用户的首笔充电订单需要先完成首充支付，系统才会为您开放1个车、500元/日的额度。这是为了验证账户有效性，后续使用不受影响。,/,,,
充电业务,充电售后类,17,什么是双枪充电？,/,您好，双枪充电是指一台新能源车辆同时连接两把充电枪进行充电的方式。需要说明的是，双枪充电属于充电桩设备本身的功能支持，并非所有充电桩都具备该能力。具体是否支持双枪充电，取决于您所使用的充电桩品牌和型号。后期您在使用前也可以查看一下充电桩的设备说明。,,,,
充电业务,充电售后类,18,我刚办了解悠ETC，为什么不能马上申请充电？,/,您好，新办理解悠业务后，系统需要10分钟的数据同步时间。请您稍等10分钟后再尝试申办充电业务，感谢您的理解。,/,,,
"运
证
通
","新
办
与
账
户
开
通
类",1,登陆运证通APP时，收不到短信验证码,/,"您好，若无法收到验证码，请按以下步骤检查：

1.确认手机信号正常，并关闭短信拦截功能。

2.核对手机号是否与注册时预留号码一致，60秒内请勿重复点击“获取验证码”。

3.如仍无法接收，请联系客服或前往线下运政窗口核对信息。",/,,,
"运
证
通","新
办
与
账
户
开
通
类",2,登陆运证通APP时，忘记密码/账号被锁定,/,"【忘记密码】
您好，请点击登录页“忘记密码”，通过绑定的手机号或身份证号重置密码。

【账号锁定】
若账号被锁定，建议联系交通运输服务热线 12328 ，进行处理。
",/,,,
"运
证
通","新
办
与
账
户
开
通
类",1,ETC是运证通的还是解悠的产品？,/,您好！运证通平台上的ETC服务由我司（解悠）提供。运证通是合作入口，您的ETC账户、设备及售后均由我们直接负责。,/,,,
"运
证
通","新
办
与
账
户
开
通
类",2,通过运证通办理和通过你们官方App/公众号办理有区别吗？,/,您好，在设备、折扣、售后服务等方面完全一致。唯一区别是办理入口不同，通过运证通办理可能享受双方平台的专属活动或便捷服务。,/,,,
"运
证
通","新
办
与
账
户
开
通
类",1,如何在运证通上找到ETC办理入口？,/,"您好，在“运证通”App上办理ETC非常便捷，您只需跟着以下三步操作即可：

第一步：打开App，找到办理入口

请确保您已打开最新版的 “运证通”App，并进入首页。

在首页，找到并点击 【ETC申领】 入口按钮

第二步：进入平台，开始办理

点击后，系统会自动跳转至 “运证通ETC服务平台” 专属页面。

在该页面中，请直接点击右下角的 【点击办理】按钮。

第三步：填写信息，完成申请
随后，页面将引导您进入正式的申办流程，请您按照提示逐步填写信息、上传所需材料即可完成申请。

温馨提示：若您想提前了解全程，可在“运证通ETC服务平台”观看操作视频，如果在查找入口或办理过程中的任何环节遇到问题，您随时可以致电我们的客服热线：021-6151-6652，我们将在线为您解答。",/,,,
"运
证
通","新
办
与
账
户
开
通
类",2,办理ETC需要费用吗？设备是免费的吗？,/,您好，目前通过运证通办理，ETC设备免费赠送，无设备费或安装费。办理过程中无任何隐藏费用，请以页面公示规则为准。,/,,,
"运
证
通","新
办
与
账
户
开
通
类",3,办理需要准备哪些材料？,/,"您好，请提前准备以下材料：

1.车主本人身份证

2.车辆行驶证

3.车主本人储蓄卡（支持十多家银行）

4.车辆45°车身照片（需清晰展示车头与车轴）
请确保信息准确、照片清晰。",/,,,
"运
证
通","新
办
与
账
户
开
通
类",4,提交申请后，多久能审核通过？ETC设备多久能寄到？,/,您好，您的订单将在当天18:00前审核（非节假日）。审核通过后，ETC设备将在您好，您的订单将在当天18:00前审核。审核通过后，ETC设备将在 1-2天 内通过顺丰寄出，您可在办理进度页查看快递单号。,/,,,
"运
证
通","新
办
与
账
户
开
通
类",5,运证通App办理时，提示“办理人不一致，请上传办理人身份信息确保上传清晰无反光的照片”,/,"您好，出现这个提示通常是因为您上传的身份证信息与填写的内容不一致，或照片不够清晰导致系统无法识别。请按以下步骤操作：

第一步【核对填写信息与身份证是否一致】

请您返回上一步页面，仔细核对：

1.姓名：是否与身份证上的姓名完全一致。（包括生僻字、多音字）

2.身份证号码：是否18位全部正确，无任何数字或字母误差。

3.身份证有效期：是否在有效期内。

温馨提示：请直接手持身份证对照填写，避免凭记忆输入。

第二步【重新拍摄并上传身份证照片】

若信息核对无误，问题通常出在照片质量上，导致识别有误。请您使用手机原相机拍照进行上传。

完成照片更新后，返回办理页面重新提交即可。",/,,,
"运
证
通","新
办
与
账
户
开
通
类",6,运证通App办理时，提示“【该车牌已被占用，可联系客服热线 021 6151 6652 咨询】、订单已创建，可联系客服热线 021 6151 6652 咨询】”,"1、客服通过“ETC通行宝”小程序→资格查询→填写对应的车牌号、颜色进行查询占用情况。
1.1若为其它发行方占用，则引导客户联系高速热线95022解占；
1.2若无占用或解悠占用，则在订单管理取消订单。","一、【非解悠占用处理】

您好，我们核实到您的车牌（车牌号）已于（XX年XX月）办理了（XX发行方）的ETC业务。请您先拨打全国高速ETC服务热线 95022 办理注销，完成后即可重新申办解悠ETC。

二、【针对需取消订单重新办理的情况】

您好，您遇到的报错需要为您取消当前订单并重新办理。

我们现在为您操作，过程中需要您接收短信验证码。请问您现在方便接收吗？",/,,,
"运
证
通","新
办
与
账
户
开
通
类",7,运证通App办理时，提示“车牌号不一致，请返回上一步进行修改”,/,"您好，这个提示通常表示系统识别到的车牌信息与您填写的内容不一致。请您不要着急，按照以下步骤逐步操作即可解决：

第一步【立即核对填写信息】

请返回上一步，仔细检查您填写的：

1.车牌号码：是否与行驶证上的 完全一致。（注意区分数字 0 与字母 O，以及字母大小写）

2.车牌颜色：是否选对。（例如,蓝牌、黄牌、绿牌等）

核对无误后，可尝试点击“下一步”重新提交。

第二步【若信息正确仍报错 → 重新拍摄车辆照片】

如果信息核对正确仍出现提示，通常是上传的车辆照片不够清晰，导致系统识别有误。请您：

1.使用手机原相机（不要使用微信、扫码等内置相机）。

2.在光线充足的环境下，对准车牌正面拍摄。

3.确保车牌完整、清晰、无反光、无遮挡。

4.拍摄后点击“上传照片”重新提交。",/,,,
"运
证
通","新
办
与
账
户
开
通
类",1, 收到ETC设备后，如何激活安装？,/,"您好，请按以下步骤操作：

1.拔插ETC卡片，如只亮绿灯且显示“记账卡”，则表示设备正常。

2.撕开背胶，将设备粘贴在前挡风玻璃上即可使用。

3.如显示红灯或“标签已失效”，请按手册说明进行二次激活。
随设备附有操作手册，您也可以参考。",/,,,
"运
证
通","新
办
与
账
户
开
通
类",1,我的ETC出现问题了（无法通行、扣费异常等），该找谁？是找运证通还是找你们？,/,您好，所有ETC使用问题（如无法通行、扣费异常等）均可直接联系我司客服，我们将为您快速处理。,/,,,
"运
证
通","新
办
与
账
户
开
通
类",,我在运证通平台上对ETC服务有投诉/建议，你们能处理吗？,,"当然可以处理。我们重视每一位客户的反馈：

1.业务反馈（如发货、客服、设备问题）：请直接联系我们，我们将第一时间介入解决。

2.运证通平台体验建议（如页面流程）：可向我们反馈，我们会定期与运证通沟通优化；您也可在运证通App内直接反馈。

我们的承诺是：无论您从何处反映，我们都将负责到底，确保问题闭环处理。

",/,,,
"运
证
通",解悠管家,1,“解悠管家”开通信息验证查询服务,/,"您好，为确保您的信息安全和权益，您可以通过官方渠道核实工作人员身份。
验证路径：请微信搜索并关注 “解悠数字科技” 官方公众号，进入后点击 【更多服务】 → 【管家查询】。
支持以下三种方式验证：
工号查询
手机号查询
微信号查询
您可任选其一，核实普惠/衍生业务管家的员工信息、外呼电话及微信号的真实性。",/,"=DISPIMG(""ID_7A05FE91FA4348F7BF08F093CBF76ABF"",1)",,
"运
证
通",解悠管家,2,客户进线核实电销团队的工作人员工号,"电销团队工号如下：
8801、8802、8803、8804、8805、8806、8807、8808、8809、8810、8811、8812、8813、8814、8815
注：禁止告知客户营销人员姓名，只核对工号。",您好，关于您对工号[工号]的核实，我司已确认：该员工为我司注册在岗的电销专员，请您放心。,/,,,
"运
证
通",保险分期,1,保险分期如何申请办理,由保险分期专人致电客户。,"您好，申请车险分期服务，请您按以下路径操作：

微信搜索并登录 “解悠货车服务” 小程序。

在首页找到并点击 【其他服务】（或类似入口）。

选择 【车险分期】 ，填写您的联系方式并提交。

提交成功后，我们会有专员在近期主动联系您，请您耐心等待。",/,,,
"运
证
通",工号核验,,客户进线核实xxx是否是解悠的工作人员时,请通过【云客服知识库-客服部、衍生部关于员工工号编制说明及明细】附件核实后再对客解答。,您好，经核实您提供的工号是我司工作人员。,/,,,
其它,点对点短信类,1,点对点短信操作步骤（客服）,"9901划扣后台→客户列表→操作→发送短信→短信模板（选择通知类）→短信模板（选择需要发送的短信模板）→点击提交→操作（短信发送记录），查询发送成功与否，及客户接收成功与否。
注：短信接收手机号可以更改。",/,/,,,
其它,点对点短信类,2,解悠二次激活视频模板,二次激活视频：https://huoche.jieyoucloud.com/u/A00e6,"您好，二次激活视频已通过短信发送至您的手机。

请您直接点击短信中的链接，并严格参照视频内的步骤进行操作。

待您激活成功后，ETC设备即可恢复正常使用。",/,,,
其它,点对点短信类,3,解悠二次激活文字模板,微信搜索“解悠货车服务”小程序→登录→二次激活→输入车辆信息→点击查询→获取验证码，点击激活→打开手机蓝牙，固定好 etc 设备并打开设备蓝牙（快速插拔卡两次，设备显示蓝牙打开）→点击激活按钮，进度条显示激活成功即可。,"您好，我们已通过短信将二次激活指引发送给您。

请您优先查看短信中的视频链接并参照操作。激活成功后，您的ETC将立即恢复正常使用。

【若客户反馈链接打不开，再发送文字模板】",/,,,
其它,点对点短信类,4,设备检测模板,设备检测：微信搜索“中国ETC服务”小程序 - 登录-ETC服务 -（手机蓝牙，设备蓝牙打开：快速插拔卡两次设备蓝牙打开）设备检测，请您操作完毕后将检测截图发至解悠在线客服为您进行排查。,"您好，设备检测的操作指引已通过短信发送给您。

请您按照短信内容完成设备检测，并将最终的检测结果截图发送给在线客服，以便我们为您进行精准排查。",/,,,
其它,点对点短信类,5,修改车型车轴激活模板,修改车型激活流程：请您将设备贴在车上固定好，然后微信搜索‘中国ETC服务’小程序-ETC服务-设备激活，点击连接设备，再点击激活设备，将手机蓝牙跟设备蓝牙都打开（设备蓝牙打开方式：快速插拔两次卡片设备会蓝牙打开）激活成功。,"您好，您的车辆信息已完成修改。由于此项修改触发了系统安全校验，您的ETC目前已进入黑名单。请您稍后根据短信指引完成二次激活。
重要提示：激活成功后，系统需要 4至24小时 进行状态同步，之后才能完全恢复使用，请您耐心等待。",/,,,
其它,点对点短信类,6,解悠更换设备模板,首先把设备贴在车上固定好，然后用办理人本人微信搜索“中国ETC服务”小程序→ETC服务→更换/维修设备→将手机蓝牙跟设备蓝牙都打开（设备蓝牙打开方式：快速插拔两次卡片设备会蓝牙打开）点击连接设备后，再点击操作设备，激活成功即可。,"您好，设备更换与激活的详细流程已通过短信发送给您。

请您仔细阅读并严格按照短信内容进行操作，待新设备激活成功后，即可恢复正常使用。",/,,,
其它,点对点短信类,7,日结逾期还款模板,"逾期主动还款：请您点击链接 https://jieurl.cn/u/541P，支付逾期-操作还款。
1.操作流程：9901划扣后台→客户列表→操作→发送短信→短信模板（选择营销类）→短信模板。","【ETC逾期还款处理指引】

【逾期未拉黑（账户仍可通行）】
您好，我们已向您发送主动还款指引短信。请您点击短信中的链接，按提示完成还款操作。当前您的ETC仍可正常使用，为避免账户被限制，请及时处理。

【逾期已拉黑（账户已被限制）】
您好，我们已向您发送主动还款指引短信。请您点击短信中的链接尽快完成还款。还款成功后，系统需要 4-24小时 同步数据并解除限制，请您耐心等待。",/,,,
其它,点对点短信类,8,周结逾期还款模板,"逾期主动还款：请您点击链接  https://jieurl.cn/u/3o7w ，进行还款。
1.操作流程：9901划扣后台→客户列表→操作→发送短信→短信模板（选择营销类）→短信模板。",,/,,,
其它,点对点短信类,9,跳转在线客服模板,在线客服：https://jieurl.cn/u/ACA84,"您好，在线客服的直达链接已通过短信发送给您。

请您直接点击该链接后，点击“人工客服”扫码，即可联系在线客服。",/,,,
其它,点对点短信类,10,更换银行卡模板,更换银行卡模板,"您好，更换银行卡的详细操作流程已通过短信发送给您。

请您稍后仔细阅读短信内容，并按照指引完成新卡的绑定操作即可。",/,,,
其它,点对点短信类,11,外呼受限/通话中断,"您好!很抱歉此前通话中断。如需继续处理，请点击此链接https://jieurl.cn/u/ACA84进入后点""人工客服"" 联系解悠在线客服，我们将继续为您受理。",/,/,,,
其它,点对点短信类,12,线上自主申请设备模板,请点击链接观看自主申请设备：https://jieurl.cn/u/04147,,/,,,
其它,点对点短信类,13,线上自主新办激活模板,请点击链接观看设备激活流程：https://jieurl.cn/u/03A3A,,/,,,
其它,点对点短信类,14,解悠ETC产品介绍图模板,"https://huoche.jieyoucloud.com/u/65F23，请您点击链接，查看解悠产品介绍图
1.操作流程：9901划扣后台→客户列表→操作→发送短信→短信模板（选择营销类）→短信模板。
",,/,,,
其它,点对点短信类,15,速通注销单模板,"共计发送两条短信（操作注销流程 、在线客服链接）
1.速通注销操作：点击注销申请链接https://jieurl.cn/u/Ec8c6，打印并填写，同时将ETC卡片剪断，与注销单一并拍照，发至解悠在线客服登记。预计3-4个工作日注销完成后，将以短信方式通知到您。
1.1操作流程：9901划扣后台→客户列表→操作→发送短信→短信模板（选择营销类）→短信模板。
2.在线客服：https://huoche.jieyoucloud.com/u/6a54e",,/,,,
其它,点对点短信类,16,跳转充电小程序模板,"【解悠数字科技】解悠充电小程序:https://jieurl.cn/u/A60Fd
1.操作流程：9901划扣后台→客户列表→操作→发送短信→短信模板（选择营销类）→充电短信模板。",,/,,,
其它,点对点短信类,17,电信手机号，短信接收失败的操作流程,"电信手机号码，带链接的可能发送不出去，需自行修改抬头，【解悠数字科技】修改为【解悠ETC】再次发送。
操作：短信分类（点击“个性短信”）→签名（选择“解悠ETC”）→短信内容（输入1到5的标准模板）→点击“提交”。",,/,,,
其它,在线客服留痕,1,在线进线咨询，针对只发图不发车牌号的客户/代理,受理客服可点击图片→提取文字，复制车牌信息并留痕至当前会话聊天记录中。,"【查询确认版】

您好，车牌号[XXX]已收到。我们正在为您查询中，请您稍等片刻。



【登记确认版】

您好，车牌号[XXX]已成功登记。后续进展我们会及时与您同步。",/,,,
已过期知识点,在线客服留痕,1,报错提示“前往货车新办模块开户”,"删除车牌→用现在办理的号码去解悠小程序重新实名：解悠小程序→我的→实名认证→取消实名→首页→货车新办实名
（如果还是无法操作下一步就查询路网开户信息核实是否一致）",/,/,,,
已过期知识点,在线客服留痕,2,签约银行卡是提示“签约失败，不存在用户与渠道的签约关系”,将车牌号、操作界面截图发送至9901技术解决,/,/,,,
已过期知识点,在线客服留痕,3,新办审核提示“行驶证校验失败”等,"行驶证拿出来拍 正反面单独拍：要求无反光无背景；
注：个户行驶证，类型选择个人；公户选个公司挂靠",/,/,,,
已过期知识点,在线客服留痕,4,后台取消订单提示swrwer error,"解悠小程序—我的—实名认证—取消实名—首页—货车新办实名；
还是不行就查询路网开户信息核实手机号信息是否一致，之后中国ETC要与解悠实名信息一致方可发送验证码。
",/,/,,,
已过期知识点,在线客服留痕,5,申办时提示“token校验失败”,解悠小程序删除后重新搜索登录，进入货车新办重新创建订单尝试,/,/,,,
已过期知识点,在线客服留痕,6,签约银行卡填写验证码提示：验证码错误,"1.车牌.手机号等发给客服组长查询路网开户信息并核对手机号是否一致
2.不一致：①取消解悠的实名更换为路网的手机号；
②更换为路网手机号步骤为：微信搜索中国ETC小程序：首页左上角点请登录→> 微信授权登录 →>添加新号码 →>实名认证。",/,/,,,
已过期知识点,在线客服留痕,7,一人多车签约（大于10台），当日只能收10次左右验证码，如何解决,"1.同一个验证码在5分钟内不限签约次数；
2.所有需办理的车辆先上传行驶证信息并且校验通过；
3.当前验证码失效时，再获取下一次验证码。
注：先扫码激活一辆车牌，再次扫码添加剩余需要办理的所有车牌一起提交。",/,/,,,
已过期知识点,在线客服留痕,8,设备预检之后签约无法进行下一步：是之前弹窗“前往货车新办开户”.“等待10秒重试”的问题，移步到签约这一步,"先核实路网实名信息是否一致
1.实名不一致，请让客户去中国ETC小程序用办理手机号重新实名进行操作；
2.实名一致，请客户发送操作界面截图及车牌号反馈于9901技术群。",/,/,,,
已过期知识点,在线客服留痕,9,办理时提示修改用户信息失败,用现在办理的号码去中国ETC服务小程序里登录重新实名,/,"=DISPIMG(""ID_85414587A9D24757BAF45312EBB37DDC"",1)",,,
已过期知识点,在线客服留痕,10,身份证信息和平台实名认证信息不一致,"解悠小程序—我的—实名认证—取消实名—首页—货车新办实名
",/,/,,,
已过期知识点,在线客服留痕,11,签约银行卡，获取验证码时提示：发送失败,"1.发送频繁，5分钟后尝试；
2.如发送过于频繁（10次左右），需要次日再操作签约；
3.如发送1次就提示该报错，用现在办理的号码去中国ETC服务小程序里登录重新实名，操作完成后再操作签约尝试；
4.如果还是不行，需要问客户要办理信息去周主管那里查询开户信息。",/,/,,,
已过期知识点,在线客服留痕,12,签约银行卡时提示报错：签约失败,"1.需使用银行卡预留手机号签约；
2.用现在办理的号码去中国ETC服务小程序里登录重新实名；
注：手机号需要和解悠小程序一致；
如以上均无法解决，则与路网确认核实原因",/,/,,,
已过期知识点,在线客服留痕,13,验证码正确，关联微信支付，签约时发起签约失败，请重新尝试,客户之前进行过解绑，需客户微信搜索微信车主服务，删除该车牌号,/,/,,,
买断产品（1101）,（买断产品）新办咨询,1,"注意：买断产品仅对代理渠道开放！（满帮渠道暂未开放）
如何办理买断产品（恒享版）？","【进入办理入口】
代理小程序，点击“立即推广”或“扫码办理”，选择“买断全产品”推广码，进入解悠小程序登录页：
1.登录页面，选择“登录方式”，填写账户信息进行登录。
2.“解悠货车服务”微信小程序主页，进行办理；
2.1新用户-点击“点击申办ETC”；
2.2老用户 -点击“添加车辆”。

【开户-身份信息录入】
1.点击“确认”，录入身份信息，填写验证码。
2.选择“北京发行”，勾选协议后提交。
3.上传“身份证件”提交。

【车辆办理-车辆信息录入】
1.选择车牌颜色，录入车牌号，选择“买断产品”。
2.上传行驶证（车牌信息需与预录入一致）。
3.编辑录入车辆信息，上传车辆外观正面照片（需体现侧身及所有车轴）。
4.提交审核。

【买断费用支付】
1.下拉刷新查看审核结果。
2.点击订单进行买断服务费支付。
3.拉起微信收银台完成支付。

【签约绑卡】
1.支付成功后，进入“待签约”，点击“待签约”。
2.选择支付渠道（建行 / 农行 / 工行 / 其他）。
3.输入卡号、预留手机号，获取验证码、填写验证码，勾选协议提交绑卡。
4.选择渠道，点击下一步。

【设备激活】
1.选择“已绑定的渠道”，点击下一步，点击“激活”。
2.将ETC设备卡连续插拔两次，打开设备蓝牙。
3.点击【重新搜索】，选择设备，开始激活。
4.激活成功。","您好，办理买断产品 ETC 的步骤如下，请您按顺序操作：

【进入办理入口】

1.请打开微信，扫描代理推广码（买断全产品），进入解悠小程序登录页。

2.选择您方便的登录方式（微信一键登录或手机号验证码），登录“解悠货车服务”小程序。

3.如果您是“首次办理”，请点击首页的“点击申办ETC”；如果您“已有车辆”需要再添加一辆，请点击“添加车辆”。

【身份信息录入】

1.点击“确认”，填写您的姓名、身份证号等信息，并输入验证码。

2.发行方请选择“北京发行”，勾选同意协议后提交。

3.上传您的身份证正反面照片，提交。

【车辆信息录入】

1.选择您的车牌颜色，录入车牌号，“产品类型请务必选择‘买断产品’”。

2.上传行驶证（注意：行驶证上的车牌号必须与您刚刚录入的一致）。

3.根据行驶证内容编辑车辆信息（如车型、轴数等），并上传车辆外观正面照片（照片需能看到车身侧面及所有车轴）。

4.提交审核。


【支付买断费用】

1.审核通过后，请下拉刷新页面查看结果。

2.找到对应订单，点击“支付”买断服务费。

3.系统会拉起微信收银台，请您完成支付。

【签约绑卡】

1.支付成功后，订单状态会变为“待签约”，请点击“待签约”。

2.选择您要绑定的支付渠道：建设银行（无通道费）、农业银行（0.05%）、工商银行（0.05%）或其他银行（0.25%）。
注：速通发行方暂不支持工商银行，请选择其他渠道。

3.输入您的银行卡号、预留手机号，获取并填写短信验证码，勾选协议后提交绑卡。

4.按页面提示选择渠道，点击下一步完成签约。

【激活设备】

1.签约成功后，选择您已绑定的渠道，点击下一步，然后点击“激活”。

2.请将 ETC 设备卡连续插拔两次，并打开设备蓝牙。

3.在小程序中点击“重新搜索”，搜索到您的设备后选中，点击“开始激活”。

4.等待系统提示“激活成功”，即可正常使用。",,,,
买断产品（1101）,（买断产品）新办咨询,2,（1101）签约绑卡：京东支付渠道，对客费率0.25%,"签约绑卡步骤：

审核通过/买断产品支付成功，进入待签约，点击【待签约】，选择支付渠道：

1.京东支付渠道

①选择【京东支付】；
②录入手机号和验证码；
③选择要绑定的银行卡；
④绑卡成功，切换主卡，手动返回已绑定列表。

2. 京东支付-单行多绑（免卡号添加）
①选择【京东支付-单行多绑（免卡号添加）】；
②选择要绑定的银行；
③选择要绑定的银行卡；
④填写验证码；
⑤绑定成功，可切换设置主卡，手动返回已绑定列表

3. 京东支付-单行单绑（输入卡号添加）
①选择【京东支付-单行单绑（输入卡号添加）】；
②输入卡号、手机号及验证码；
③绑卡成功，手动返回已绑定列表；

4.我的-支付渠道（通用操作，适用于已绑定的京东渠道）
①渠道切换：选择已绑定渠道，可进行使用中渠道切换；
②查看绑定信息：点击渠道，展示渠道绑定信息；
③主卡设置：若绑定多张卡，支持切换设置主卡；
⑤解绑：非主卡支持解绑。
⑥添加绑卡：点击【去绑定更多】可新增绑卡。

特殊说明：

1.仅解悠小程序办理1101发行方用户展示。实际客户是否支持渠道签约绑定成功，依赖京东侧返回。京东现有服务无法区分一类卡，客户可能绑定非一类卡。

2.京东支付渠道退款：原路退款。但若客户解绑后重新签约，原签约协议号扣款账单无法原路退款成功，需线下处理。

3.周卡业务：由于京东返回的是脱敏绑卡信息，无法进行钱包静默开户成功。该部分客户因无钱包通道无法办理周卡业务，需切换其他渠道后办理。

4.如客户之前办理9901设备，现在新办1101设备，则不支持绑定京东支付渠道，默认9901扣款渠道。","一、签约绑卡操作指引
【客户进入待签约状态】
您好，您的订单审核已通过/买断费用已支付成功，现在需要进行签约绑卡。请按以下步骤操作：

1.进入“解悠货车服务”小程序，找到该订单，点击“待签约”。

2.选择支付渠道。

2.1京东支付操作指引：

①选择【京东支付】后，输入手机号和验证码。

②从列表中选择您要绑定的银行卡。

③绑卡成功后，如需切换主卡（优先扣款的卡），请在页面切换设置。

④最后请手动点击返回，回到已绑定列表页面。

2.2京东支付-单行多绑（免卡号添加）操作指引：

①选择【京东支付-单行多绑（免卡号添加）】。

②选择您的发卡银行（例如工商银行、农业银行等）。

③系统会展示您在该银行名下的可绑卡片，选择其中一张。

④填写短信验证码，即可完成绑定。

⑤如需设置主卡或添加更多卡片，可在绑定成功后操作。

2.3京东支付-单行单绑（输入卡号添加）操作指引：

①选择【京东支付-单行单绑（输入卡号添加）】。

②手动输入您的银行卡号、预留手机号及验证码。

③提交后即可完成绑定。

④绑定成功后，请手动返回已绑定列表页面。

二、已绑定京东支付渠道（我的-支付渠道）
如果您已经绑定过京东支付渠道，可以在小程序“我的”→“支付渠道”中进行操作：

1.切换使用中的渠道：选择已绑定的渠道，点击设为使用。

2.查看绑定信息：点击渠道名称，可查看当前绑定的银行卡信息。

3.设置主卡：如果您绑定了多张银行卡，可以设置其中一张为主卡（优先扣款）。

4.解绑银行卡：非主卡的银行卡支持解绑。

5.添加更多银行卡：点击【去绑定更多】，按提示增加新的银行卡。

三、重要提醒
1. 关于一类卡/二类卡的说明
温馨提示：绑卡时，请确保您使用的银行卡为一类卡（全功能账户）。部分银行二类卡可能存在支付限额，导致后续通行费扣款失败。京东支付系统暂无法自动区分卡类型，建议您优先绑定常用的一类卡。

2. 关于解绑后重新绑定的退款问题
请注意：如果您的ETC通行费需要退款（例如重复扣款），我们会按原路退回至您当时扣款的银行卡。如果您解绑后又重新绑定了其他卡，原扣款账单可能无法自动退款成功，届时需要线下人工处理。因此，建议您不要频繁解绑更换主卡，如有特殊情况请提前联系我们。

3. 关于周卡业务的限制
特别说明：由于京东支付返回的银行卡信息是脱敏的（部分数字隐藏），无法用于开通解悠钱包，因此通过京东支付渠道绑卡的客户，暂不支持办理“周卡”业务（周卡需要使用钱包通道）。如果您需要办理周卡，请先切换到其他支付渠道后再申请。",,,,
买断产品（1101）,（买断产品）咨询类,1,客户支付会员费用后，因各种原因要求退款。,"买断办理车辆未激活成功取消订单会员费用退款，激活成功后，不支持会员费用退款。
流程：
1. 判断订单状态：是否已激活
2. 若未激活成功：在划扣后台→订单管理→取消订单，系统自动发起退款审批；财务进入拉卡拉商户后台操作退款，成功后上传截图完成审批
3. 若激活成功后：不支持退款，告知客户",您好，会员费用能否退款要看您的设备是否已经激活。如果没有激活成功，我们可以为您取消订单并安排全额退款；但如果设备已经激活成功了，根据规定，会员费用是无法退款的。,,,,
买断产品（1101）,（买断产品）咨询类,2,客户办理买断产品并激活后，因卖车或换车需要注销ETC，询问注销后通道费是否会变化。,"客户一旦办理了买断产品并激活成功，对客通道费，后续无论车辆是否注销，都按照买断产品的通道费率收取。
流程：
1. 确认客户是否已激活成功
2. 若已激活成功，告知客户通道费率不变
3. 注销操作：产品后台→注销管理→注销申请，注销费为0，直接进入账单核验",您好，买断产品激活成功后，您的通道费率就已经锁定了。即使后续车辆注销，通道费还是按照买断产品的费率来收，比如建行仍然是0费率，农行/工行0.05%。注销本身是不收费的。,,,,
买断产品（1101）,（买断产品）咨询类,3,客户在办理过程中，不清楚上传行驶证和车辆外观照片的具体要求，导致审核不通过。,"影响因素：“上传行驶证车牌信息要与预录入一致”、“车辆外观正面图片需要体现侧身及所有车轴”、“上传相应图片后需要核实信息是否准确”
流程：
1. 审核不通过时，告知客户具体原因
2. 引导客户按规范重新上传",您好，上传行驶证时请确保车牌信息跟您预录入的一致；上传车辆外观照片时，需要拍正面，而且要能看到侧身和所有车轴。上传后请再核实一下信息是否准确，避免审核不通过。,,,,
买断产品（1101）,（买断产品）咨询类,4,客户是集装箱车辆，不清楚应该选择哪种车辆类型。,"办理集装箱的车辆，需根据《道路运输证》中经营范围选择办理ETC的车辆类型：普通货车、J1专用集装箱、J2混用集装箱。
流程：
1. 引导客户查看《道路运输证》中的经营范围
2. 根据经营范围选择对应类型",您好，集装箱车辆需要根据您《道路运输证》上的经营范围来选择类型。经营范围对应普通货车就选普通货车，对应专用集装箱就选J1，混用集装箱就选J2。您可以看一下证件再选择。,,,,
买断产品（1101）,（买断产品）咨询类,5,客户已支付会员费用，但因各种原因不想继续办理了，且尚未激活设备。,"划扣后台-订单管理-取消订单，办理类型为买断时，且已支付成功，取消订单时，会员费用系统自动发起退款审批。已激活的不支持取消，需走注销流程。
流程：
1. 确认订单状态：已支付成功 + 未激活
2. 在划扣后台→订单管理→取消订单
3. 系统自动发起退款审批
4. 财务在拉卡拉商户后台操作退款",您好，您的订单目前是已支付但未激活的状态，可以取消订单。我们会为您自动发起退款审批，退款到账需要财务在后台操作，退款时效为5-7个工作日，请您耐心等待。,,,,
买断产品（1101）,（买断产品）咨询类,6,客户激活成功后，想知道在哪里查看车辆信息和通行账单。,"在‘解悠货车服务’小程序中，可查看车辆详情及账单。点击【我的车辆】进入车辆相关信息查看。点击【通行账单】进入车辆账单相关信息查看。
流程：
1. 引导客户打开“解悠货车服务”小程序
2. 点击【我的车辆】查看车辆信息
3. 点击【通行账单】查看账单",您好，您可以在‘解悠货车服务’小程序里查看。点【我的车辆】可以看到车辆详情，点【通行账单】可以看到每一笔通行记录和费用。,,,,
买断产品（1101）,（买断产品）咨询类,7,客户办理时选错了车辆轴数，激活后发现问题。,"办理时请注意按实际车辆信息进行选择或填写，激活后若发现车辆信息错误，可联系客服进行修改，但修改过程中会有4-24小时无法通行。
流程：
1. 确认客户选错的是轴数
2. 告知可联系客服修改
3. 明确告知修改期间4-24小时无法通行","您好，车辆信息选错是可以联系客服修改的。但需要跟您说明一下，修改后4-24小时后恢复使用。

已为您修改车轴信息，请您在4-24小时关注恢复使用。",,,,
买断产品（1101）,（买断产品）咨询类,8,客户想自己直接办理买断产品，不通过代理。,"目前买断产品仅支持代理代办。
流程：
1. 确认客户是否通过代理渠道
2. 若不是，告知客户仅支持代理代办",您好，目前买断产品仅支持通过代理渠道办理，暂不支持客户直接办理。,,,,
1101设备,新办激活报错,1,客户在ETC新办激活过程中，进度卡在10%，报错提示“卡片【卡号】非入库状态!3”，激活无法继续。,"1.收集客户信息：引导客户提供以下信息：
① ETC卡号
② 设备号
③ 车牌号
④ 办理人姓名及联系电话
⑤ 报错页面完整截图

2.后台查询
①客服登录后台系统，根据客户提供的卡号或设备号进行查询。
②重点核实：该卡号或设备号是否已被绑定至其他车辆（历史激活记录或占用记录）。


3.结果同步与处理
情况一：已绑定其他车辆
→ 判定该套设备已被占用（可能为老设备重复使用、领用错误等），无法用于当前车辆激活。
→ 客服告知客户原因，并为其更换一套全新设备，重新发起办理流程。

情况二：未绑定其他车辆
→ 设备状态正常，可能为系统数据异常或入库环节未完成。
→ 客服创建工单提交技术核实，查询该设备在后台的入库状态，待技术修复后通知客户重试激活。","第一步：收集客户信息
您好，您遇到的报错，我们需要先核实一下设备的绑定情况。请您提供以下信息：
① ETC卡号（就是报错提示中“卡片”后面那串数字）
② 设备号（设备背面标签上的SN序列号）
③ 车牌号
④ 办理人姓名及联系电话
⑤ 报错页面完整截图

收到后我会立即为您查询处理，感谢配合！

第二步：后台查询完成，告知客户结果（分情况）
情况一：已绑定其他车辆
经查询，您这套设备的卡号/设备号已被绑定到其他车辆上，无法用于当前激活。这种情况您更换一套全新的ETC设备，届时您重新尝试操作。

情况二：未绑定其他车辆
经查询，您这套设备在后台没有绑定记录，但激活仍报错，可能是系统数据同步异常或入库环节未完成。我会为您创建工单提交技术团队核实处理，预计 1个工作日内反馈结果，届时会及时联系您。感谢您的耐心配合！

技术修复完成后
您好，您之前反馈的设备报错问题已处理完成。请您重新操作。如有问题请随时联系我们，感谢您的配合！",,,,
